material_id,formula,A,formation_energy_eV_atom,hull_eV_atom,band_gap_eV_audit_only,nsites_audit_only,source,Sn_fraction,O_fraction,A_fraction,entropy,mean_Z,std_Z,A_weighted_Z,mean_atomic_mass,std_atomic_mass,A_weighted_atomic_mass,mean_X,std_X,A_weighted_X,mean_atomic_radius,std_atomic_radius,A_weighted_atomic_radius,mean_row,std_row,A_weighted_row,mean_group,std_group,A_weighted_group,mean_mendeleev_no,std_mendeleev_no,A_weighted_mendeleev_no,mean_electron_affinity,std_electron_affinity,A_weighted_electron_affinity,mean_ionization_energy,std_ionization_energy,A_weighted_ionization_energy,struct_volume_per_atom,struct_density,struct_axis_ratio_mid,struct_axis_ratio_long,struct_angle_deviation
mp-1006619,Sn3PO6,P,-2.021807798,0.118147142,0,40,Materials_Project,0.3,0.6,0.1,0.897945725,21.3,18.9,1.5,48.3100162,46.29565248,3.0973762,2.871,0.699720659,0.219,0.895,0.38173944,0.1,3,1.341640786,0.3,15.3,0.9,1.5,94.5,8.188406438,9,1.284949758,0.237838929,0.074660911,11.422677,2.823172178,1.0486686,16.6811616,4.809057734,2.220111665,2.506083962,6.84203431
mp-1018639,TiSnO3,Ti,-2.596588785,0.160125448,1.0452,5,Materials_Project,0.2,0.6,0.2,0.950270539,19.2,16.32666531,4.4,42.91504,39.85662529,9.5734,2.764,0.83851297,0.308,0.93,0.404474968,0.28,3,1.264911064,0.8,13.2,4.664761516,0.8,87.4,19.48948434,10.2,1.114190827,0.536629218,0.015109,11.0052406,3.204185293,1.365624,12.33281952,5.778248869,1,1,0
mp-1024073,K2Sn3O7,K,-2.08584631,0,1.567295963,48,Materials_Project,0.25,0.583333333,0.166666667,0.959614794,20.33333333,17.57997598,3.166666667,45.52686667,43.0630013,6.516383333,2.633333333,1.020272295,0.136666667,1.079166667,0.614565678,0.366666667,3.083333333,1.320248293,0.666666667,13,5.431390246,0.166666667,81.33333333,32.77787194,1.666666667,1.213909976,0.350482014,0.083576522,10.50328887,3.805841414,0.723443955,14.75666036,5.123052157,4.046469381,5.35083976,0
mp-1041027,SnP2O7,P,-2.359908053,0.166633542,1.8744,40,Materials_Project,0.1,0.7,0.2,0.801818553,13.6,12.44347218,3,29.2653324,30.39421123,6.1947524,3.042,0.61084859,0.438,0.765,0.277533782,0.2,2.5,0.921954446,0.6,15.6,0.663324958,3,97,6.371812929,18,1.283307927,0.287526704,0.149321822,12.3643675,2.079865747,2.0973372,14.19888035,3.422539422,1.252145672,1.352285962,5.783624948
mp-1041231,Sn3P3O13,P,-2.337786285,0.085313512,0,38,Materials_Project,0.157894737,0.684210526,0.157894737,0.842543433,15.73684211,15.04674158,2.368421053,34.58123611,36.82153873,4.890594,3.008947368,0.637774872,0.345789474,0.797368421,0.316840357,0.157894737,2.631578947,1.08630355,0.473684211,15.52631579,0.751729308,2.368421053,96.42105263,7.02113943,14.21052632,1.293184561,0.267664441,0.117885649,12.13297511,2.357597095,1.655792526,14.81615832,3.875734336,1.170338037,1.669053417,2.35544788
mp-1041400,MgSn4O9,Mg,-2.039553011,0.206807893,0.7709,28,Materials_Project,0.285714286,0.642857143,0.071428571,0.830471712,20.28571429,18.82031035,0.857142857,45.93854286,46.07286198,1.736071429,2.865,0.786935739,0.093571429,0.907142857,0.412248687,0.107142857,2.928571429,1.334395835,0.214285714,14.42857143,3.559981656,0.142857143,93.85714286,9.87679201,5.214285714,1.227021258,0.482458319,-0.03,11.39888593,2.978204677,0.546159714,12.03920576,6.336194148,1.609833243,1.609833243,0
mp-1041407,ZnSn4O9,Zn,-1.816676455,0.245579423,0.3851,28,Materials_Project,0.285714286,0.642857143,0.071428571,0.830471712,21.57142857,18.82518938,2.142857143,48.87454286,45.9101045,4.672071429,2.889285714,0.742567595,0.117857143,0.896428571,0.398418429,0.096428571,3,1.362770288,0.285714286,15.14285714,1.245399698,0.857142857,94.07142857,9.445061338,5.428571429,1.212735544,0.531485504,-0.044285714,11.52374029,2.852242214,0.671014071,12.13426251,6.688341191,1.610389608,1.610389608,0
mp-1041436,CaSn4O9,Ca,-2.155890061,0.161260887,0.7579,28,Materials_Project,0.285714286,0.642857143,0.071428571,0.830471712,20.85714286,18.68099547,1.428571429,47.06518571,45.7215843,2.862714286,2.842857143,0.833370339,0.071428571,0.928571429,0.448694251,0.128571429,3,1.362770288,0.285714286,14.42857143,3.559981656,0.142857143,89.78571429,21.97459108,1.142857143,1.258774901,0.375866997,0.001753643,11.28938018,3.138067277,0.436653962,12.62163828,6.192031323,1.625583557,1.625583557,0
mp-1041506,Zn(SnO2)2,Zn,-1.757593738,0.123789032,1.2282,14,Materials_Project,0.285714286,0.571428571,0.142857143,0.955699891,23.14285714,18.54283513,4.285714286,52.4038,45.13991091,9.344142857,2.761428571,0.789365542,0.235714286,0.95,0.405321742,0.192857143,3.142857143,1.355261854,0.571428571,14.85714286,1.456862718,1.714285714,92.28571429,10.29166495,10.85714286,1.064084617,0.704198867,-0.088571429,11.22203614,2.83811361,1.342028143,14.40424899,6.041172797,1,1,19.83772798
mp-1041556,Ca(SnO2)2,Ca,-2.310803096,0.079508338,1.6599,14,Materials_Project,0.285714286,0.571428571,0.142857143,0.955699891,21.71428571,18.34365819,2.857142857,48.78508571,44.96729823,5.725428571,2.668571429,0.938744276,0.142857143,1.014285714,0.490418397,0.257142857,3.142857143,1.355261854,0.571428571,13.42857143,4.746642207,0.285714286,83.71428571,28.73879551,2.285714286,1.156163331,0.486446595,0.003507286,10.75331592,3.329650289,0.873307924,15.93821339,5.08272406,1,1,19.94041344
mp-1041577,Sn(WO4)2,W,-2.067069726,0.101051262,2.6737,22,Materials_Project,0.090909091,0.727272727,0.181818182,0.759547392,23.81818182,26.49808975,13.45454545,55.8532,67.02701101,33.42545455,3.109090909,0.549271494,0.429090909,0.813636364,0.349734256,0.245454546,3,1.651445648,1.090909091,14,3.813850357,1.090909091,91,17.7251747,10,1.312179607,0.253858925,0.148454695,12.00149255,2.642938905,1.429823636,13.05832141,7.102476473,1.154464085,2.114186364,9.076188504
mp-1041671,Sn(WO4)2,W,-2.01012121,0.157999778,3.2506,11,Materials_Project,0.090909091,0.727272727,0.181818182,0.759547392,23.81818182,26.49808975,13.45454545,55.8532,67.02701101,33.42545455,3.109090909,0.549271494,0.429090909,0.813636364,0.349734256,0.245454546,3,1.651445648,1.090909091,14,3.813850357,1.090909091,91,17.7251747,10,1.312179607,0.253858925,0.148454695,12.00149255,2.642938905,1.429823636,15.5115721,5.979176064,1.068069872,1.30677326,12.21921052
mp-1041676,Zn(SnO2)2,Zn,-1.641420176,0.239962594,0.1378,14,Materials_Project,0.285714286,0.571428571,0.142857143,0.955699891,23.14285714,18.54283513,4.285714286,52.4038,45.13991091,9.344142857,2.761428571,0.789365542,0.235714286,0.95,0.405321742,0.192857143,3.142857143,1.355261854,0.571428571,14.85714286,1.456862718,1.714285714,92.28571429,10.29166495,10.85714286,1.064084617,0.704198867,-0.088571429,11.22203614,2.83811361,1.342028143,16.10782437,5.402253906,1.000000025,1.000000025,36.70958853
mp-1041773,Si2SnO6,Si,-2.74084518,0.143536384,3.2095,72,Materials_Project,0.111111111,0.666666667,0.222222222,0.848685558,14,12.9614814,3.111111111,30.09748889,31.71541859,6.241222222,2.933333333,0.716720928,0.422222222,0.805555556,0.305908887,0.244444444,2.555555556,0.955813919,0.666666667,15.33333333,0.942809042,3.111111111,95.44444444,7.875575621,18.88888889,1.406421182,0.108095056,0.308782507,11.70617867,2.712724468,1.811484444,14.89389842,3.35560608,2.119430393,3.722020153,0
mp-1041794,Mg(SnO2)2,Mg,-2.087423548,0.162169275,2.0913,28,Materials_Project,0.285714286,0.571428571,0.142857143,0.955699891,20.57142857,18.66132091,1.714285714,46.5318,45.73577148,3.472142857,2.712857143,0.863261495,0.187142857,0.971428571,0.429166254,0.214285714,3,1.309307341,0.428571429,13.42857143,4.746642207,0.285714286,91.85714286,10.99907232,10.42857143,1.092656045,0.636050782,-0.06,10.97232743,3.056447323,1.092319429,17.19357063,4.493997985,1.136079173,1.820606363,0
mp-1041808,Ca(SnO2)2,Ca,-2.246316441,0.143994993,2.0496,28,Materials_Project,0.285714286,0.571428571,0.142857143,0.955699891,21.71428571,18.34365819,2.857142857,48.78508571,44.96729823,5.725428571,2.668571429,0.938744276,0.142857143,1.014285714,0.490418397,0.257142857,3.142857143,1.355261854,0.571428571,13.42857143,4.746642207,0.285714286,83.71428571,28.73879551,2.285714286,1.156163331,0.486446595,0.003507286,10.75331592,3.329650289,0.873307924,18.79591753,4.309954039,1.094629991,1.88585674,0
mp-1041815,Zn(SnO2)2,Zn,-1.732252562,0.149130207,2.0424,28,Materials_Project,0.285714286,0.571428571,0.142857143,0.955699891,23.14285714,18.54283513,4.285714286,52.4038,45.13991091,9.344142857,2.761428571,0.789365542,0.235714286,0.95,0.405321742,0.192857143,3.142857143,1.355261854,0.571428571,14.85714286,1.456862718,1.714285714,92.28571429,10.29166495,10.85714286,1.064084617,0.704198867,-0.088571429,11.22203614,2.83811361,1.342028143,17.42380088,4.994235055,1.124717987,1.989090595,8.398820255
mp-1042234,Ca(SnO2)2,Ca,-2.219135592,0.171175842,0.9709,14,Materials_Project,0.285714286,0.571428571,0.142857143,0.955699891,21.71428571,18.34365819,2.857142857,48.78508571,44.96729823,5.725428571,2.668571429,0.938744276,0.142857143,1.014285714,0.490418397,0.257142857,3.142857143,1.355261854,0.571428571,13.42857143,4.746642207,0.285714286,83.71428571,28.73879551,2.285714286,1.156163331,0.486446595,0.003507286,10.75331592,3.329650289,0.873307924,15.59082795,5.195974258,1,1.47788917,43.07362588
mp-1042253,Mg(SnO2)2,Mg,-2.091149072,0.158443751,1.4178,14,Materials_Project,0.285714286,0.571428571,0.142857143,0.955699891,20.57142857,18.66132091,1.714285714,46.5318,45.73577148,3.472142857,2.712857143,0.863261495,0.187142857,0.971428571,0.429166254,0.214285714,3,1.309307341,0.428571429,13.42857143,4.746642207,0.285714286,91.85714286,10.99907232,10.42857143,1.092656045,0.636050782,-0.06,10.97232743,3.056447323,1.092319429,14.58824138,5.296585774,1,1.567717418,39.37004655
mp-1042370,SnAs2O7,As,-1.629739022,0.092762641,1.1983,40,Materials_Project,0.1,0.7,0.2,0.801818553,17.2,14.72277148,6.6,38.0549,35.53683702,14.98432,3.04,0.613644848,0.436,0.795,0.307774268,0.23,2.7,1.1,0.8,15.6,0.663324958,3,96.8,6.6,17.8,1.294883365,0.266049847,0.16089726,12.2247403,2.219949406,1.95771,15.86485717,3.98312115,1.280631053,1.339156976,5.450258462
mp-1042442,Mg2Sn3O8,Mg,-2.362877447,0.043728341,1.9335,26,Materials_Project,0.230769231,0.615384615,0.153846154,0.925129084,18.30769231,17.41522153,1.846153846,40.97963077,42.67426982,3.739230769,2.770769231,0.869247787,0.201538462,0.934615385,0.423531225,0.230769231,2.846153846,1.230769231,0.461538462,13.38461538,4.923076923,0.307692308,92.53846154,11.12595983,11.23076923,1.091162649,0.660037438,-0.064615385,11.25143585,2.994971539,1.176344,12.69018337,5.362276956,1,1.510341706,10.0000006
mp-1042514,Zn2Sn3O8,Zn,-1.944373283,0.065698601,1.2476,26,Materials_Project,0.230769231,0.615384615,0.153846154,0.925129084,21.07692308,17.62193362,4.615384615,47.30332308,42.7801683,10.06292308,2.823076923,0.786016095,0.253846154,0.911538462,0.395237926,0.207692308,3,1.300887271,0.615384615,14.92307692,1.491593802,1.846153846,93,10.34036155,11.69230769,1.060393418,0.730651179,-0.095384615,11.52035292,2.725544914,1.445261077,12.70695585,6.181576208,1,1.500592903,10.00000003
mp-1042561,Ca2Sn3O8,Ca,-2.501429245,0.057647408,2.0574,26,Materials_Project,0.230769231,0.615384615,0.153846154,0.925129084,19.53846154,17.20740174,3.076923077,43.40624615,42.10171037,6.165846154,2.723076923,0.952594713,0.153846154,0.980769231,0.493238303,0.276923077,3,1.300887271,0.615384615,13.38461538,4.923076923,0.307692308,83.76923077,29.82294895,2.461538462,1.15955511,0.504649939,0.003777077,11.0155773,3.313072558,0.940485457,14.74696641,4.887633528,1,1.624535936,9.999999965
mp-1042873,Sn(GeO3)2,Ge,-2.045007684,0.095256759,2.0843,18,Materials_Project,0.111111111,0.666666667,0.222222222,0.848685558,18,14.96662955,7.111111111,39.99848889,36.18191089,16.14222222,2.957777778,0.682100966,0.446666667,0.838888889,0.342196969,0.277777778,2.777777778,1.133115447,0.888888889,15.33333333,0.942809042,3.111111111,95.22222222,8.175543173,18.66666667,1.371566767,0.130822472,0.273928092,11.65012422,2.787178194,1.75543,13.99712769,4.745191647,1.21282779,1.21282779,10.74683318
mp-1042980,MgSn2O5,Mg,-2.319047336,0.031472743,1.7777,16,Materials_Project,0.25,0.625,0.125,0.900256051,19,17.94435844,1.5,42.71525,43.95740064,3.038125,2.80375,0.842554709,0.16375,0.925,0.419821391,0.1875,2.875,1.268611446,0.375,13.75,4.52078533,0.25,93,10.72380529,9.125,1.138713162,0.607321437,-0.0525,11.30304338,2.98994109,0.9557795,13.54785448,5.23554054,1,1.846659515,16.08029672
mp-1043000,ZnSn2O5,Zn,-1.964873499,0.063462783,0.8464,16,Materials_Project,0.25,0.625,0.125,0.900256051,21.25,18.05373922,3.75,47.85325,43.90743274,8.176125,2.84625,0.771734046,0.20625,0.90625,0.396419522,0.16875,3,1.322875656,0.5,15,1.414213562,1.5,93.375,10.04909822,9.5,1.113713162,0.671676996,-0.0775,11.5215385,2.770548572,1.174274625,13.67494922,5.810785092,1,1.859777044,16.11069249
mp-1043041,Sn(GeO3)2,Ge,-2.04400262,0.096261824,2.0538,36,Materials_Project,0.111111111,0.666666667,0.222222222,0.848685558,18,14.96662955,7.111111111,39.99848889,36.18191089,16.14222222,2.957777778,0.682100966,0.446666667,0.838888889,0.342196969,0.277777778,2.777777778,1.133115447,0.888888889,15.33333333,0.942809042,3.111111111,95.22222222,8.175543173,18.66666667,1.371566767,0.130822472,0.273928092,11.65012422,2.787178194,1.75543,13.28205162,5.000662195,1.619855496,1.726718804,4.507267026
mp-1043403,Si4SnO10,Si,-2.845776681,0.193984795,2.8506,60,Materials_Project,0.066666667,0.666666667,0.266666667,0.803314976,12.4,10.38460399,3.733333333,26.06973333,25.31480253,7.489466667,2.930666667,0.720439372,0.506666667,0.79,0.280594607,0.293333333,2.466666667,0.805536398,0.8,15.33333333,0.942809042,3.733333333,95.53333333,7.744819057,22.66666667,1.418752341,0.087717726,0.370539008,11.7420792,2.659580664,2.173781333,15.20067784,2.847886858,1,2.112721871,0
mp-1043628,Zn(SnO2)4,Zn,-1.771304642,0.214431621,0.4381,13,Materials_Project,0.307692308,0.615384615,0.076923077,0.858740913,22.61538462,19.14133048,2.307692308,51.4034,46.69410783,5.031461538,2.846923077,0.754120829,0.126923077,0.919230769,0.404559809,0.103846154,3.076923077,1.384615385,0.307692308,15.07692308,1.268647885,0.923076923,93.53846154,9.59659703,5.846153846,1.193629587,0.546896062,-0.047692308,11.36263915,2.897883159,0.722630539,15.07858445,5.66083336,1.0000001,1.0000001,27.85384279
mp-1043644,Mg(SnO2)4,Mg,-1.977870984,0.206132231,0.5073,13,Materials_Project,0.307692308,0.615384615,0.076923077,0.858740913,21.23076923,19.2079865,0.923076923,48.24155385,47.02913835,1.869615385,2.820769231,0.799696688,0.100769231,0.930769231,0.418577473,0.115384615,3,1.358732441,0.230769231,14.30769231,3.666577012,0.153846154,93.30769231,10.04133469,5.615384615,1.209014202,0.49611647,-0.032307692,11.22818062,3.023908679,0.588172,14.787476,5.417218244,1.000000044,1.000000044,27.00976862
mp-1043673,Ca(SnO2)4,Ca,-2.068396225,0.191842421,0.2067,13,Materials_Project,0.307692308,0.615384615,0.076923077,0.858740913,21.84615385,19.02971827,1.538461538,49.45486154,46.59742944,3.082923077,2.796923077,0.847579219,0.076923077,0.953846154,0.455927431,0.138461539,3.076923077,1.384615385,0.307692308,14.30769231,3.666577012,0.153846154,88.92307692,22.57453139,1.230769231,1.243210433,0.38568361,0.001888538,11.11025134,3.186807759,0.470242729,16.83799641,4.877167544,1.000000102,1.000000102,32.59034551
mp-1043943,MgSn3O7,Mg,-2.077420798,0.20681617,0.8813,44,Materials_Project,0.272727273,0.636363636,0.090909091,0.859967281,19.81818182,18.51691208,1.090909091,44.76643636,45.34155114,2.209545455,2.842727273,0.808141425,0.119090909,0.913636364,0.415107275,0.136363636,2.909090909,1.311109555,0.272727273,14.18181818,3.950101997,0.181818182,93.54545455,10.2012801,6.636363636,1.194909223,0.532965101,-0.038181818,11.36403409,2.982834141,0.695112364,12.56595297,5.915700675,1.955132306,1.971043741,0
mp-1044042,CaSn3O7,Ca,-2.192631527,0.18170186,1.103,44,Materials_Project,0.272727273,0.636363636,0.090909091,0.859967281,20.54545455,18.35193146,1.818181818,46.20034545,44.91923344,3.643454545,2.814545455,0.864537329,0.090909091,0.940909091,0.460147299,0.163636364,3,1.348399725,0.363636364,14.18181818,3.950101997,0.181818182,88.36363636,24.19719265,1.454545455,1.23532295,0.412135282,0.002231909,11.22466313,3.182428052,0.555741406,13.65025587,5.620222744,1.927158479,2.012610492,0
mp-1044492,Pr(SnO3)2,Pr,-2.267976905,0.240525953,0,18,Materials_Project,0.222222222,0.666666667,0.111111111,0.848685558,23,21.3541565,6.555555556,52.70267222,52.25666773,15.65640556,2.854444444,0.858359043,0.125555556,0.927777778,0.476160052,0.205555556,3.111111111,1.594744455,0.666666667,14.11111111,4.012326686,0.333333333,89.22222222,21.85699877,3.444444444,1.233339208,0.422204382,0.012137178,11.31848511,3.291823814,0.6078,14.81501686,5.907171553,1.048141183,1.423354076,0
mp-1044609,Mg(SnO2)2,Mg,-2.012972604,0.236620219,0,14,Materials_Project,0.285714286,0.571428571,0.142857143,0.955699891,20.57142857,18.66132091,1.714285714,46.5318,45.73577148,3.472142857,2.712857143,0.863261495,0.187142857,0.971428571,0.429166254,0.214285714,3,1.309307341,0.428571429,13.42857143,4.746642207,0.285714286,91.85714286,10.99907232,10.42857143,1.092656045,0.636050782,-0.06,10.97232743,3.056447323,1.092319429,14.39004983,5.369534688,1.000000011,1.000000011,28.89851333
mp-1044626,Zn(SnO2)2,Zn,-1.6348713,0.246511469,0,42,Materials_Project,0.285714286,0.571428571,0.142857143,0.955699891,23.14285714,18.54283513,4.285714286,52.4038,45.13991091,9.344142857,2.761428571,0.789365542,0.235714286,0.95,0.405321742,0.192857143,3.142857143,1.355261854,0.571428571,14.85714286,1.456862718,1.714285714,92.28571429,10.29166495,10.85714286,1.064084617,0.704198867,-0.088571429,11.22203614,2.83811361,1.342028143,14.42510041,6.032440306,1,2.439958519,10.28291095
mp-1044703,Zn(SnO2)2,Zn,-1.663952043,0.217430727,0.0725,14,Materials_Project,0.285714286,0.571428571,0.142857143,0.955699891,23.14285714,18.54283513,4.285714286,52.4038,45.13991091,9.344142857,2.761428571,0.789365542,0.235714286,0.95,0.405321742,0.192857143,3.142857143,1.355261854,0.571428571,14.85714286,1.456862718,1.714285714,92.28571429,10.29166495,10.85714286,1.064084617,0.704198867,-0.088571429,11.22203614,2.83811361,1.342028143,14.49028527,6.005303244,1.000000011,1.000000011,29.1277069
mp-1044704,Ca(SnO2)2,Ca,-2.18394718,0.206364254,0,14,Materials_Project,0.285714286,0.571428571,0.142857143,0.955699891,21.71428571,18.34365819,2.857142857,48.78508571,44.96729823,5.725428571,2.668571429,0.938744276,0.142857143,1.014285714,0.490418397,0.257142857,3.142857143,1.355261854,0.571428571,13.42857143,4.746642207,0.285714286,83.71428571,28.73879551,2.285714286,1.156163331,0.486446595,0.003507286,10.75331592,3.329650289,0.873307924,16.03212806,5.05294995,1.00000002,1.00000002,32.10702097
mp-1044828,Ca(SnO2)2,Ca,-2.200505758,0.189805676,0.7145,42,Materials_Project,0.285714286,0.571428571,0.142857143,0.955699891,21.71428571,18.34365819,2.857142857,48.78508571,44.96729823,5.725428571,2.668571429,0.938744276,0.142857143,1.014285714,0.490418397,0.257142857,3.142857143,1.355261854,0.571428571,13.42857143,4.746642207,0.285714286,83.71428571,28.73879551,2.285714286,1.156163331,0.486446595,0.003507286,10.75331592,3.329650289,0.873307924,16.11133519,5.028108456,1,2.448844827,11.33505294
mp-1044829,Sn2P2O9,P,-2.370863385,0.058972151,2.2294,52,Materials_Project,0.153846154,0.692307692,0.153846154,0.830517825,15.53846154,14.90284116,2.307692308,34.10477877,36.4648789,4.765194154,3.02,0.633221313,0.336923077,0.792307692,0.314303965,0.153846154,2.615384615,1.076923077,0.461538462,15.53846154,0.745796901,2.307692308,96.53846154,6.968228829,13.84615385,1.297490418,0.265540498,0.11486294,12.17105408,2.338983706,1.613336308,14.66229729,3.862445044,1.213866073,2.192010721,0
mp-1044880,Zn(SnO2)2,Zn,-1.651332473,0.230050297,0,42,Materials_Project,0.285714286,0.571428571,0.142857143,0.955699891,23.14285714,18.54283513,4.285714286,52.4038,45.13991091,9.344142857,2.761428571,0.789365542,0.235714286,0.95,0.405321742,0.192857143,3.142857143,1.355261854,0.571428571,14.85714286,1.456862718,1.714285714,92.28571429,10.29166495,10.85714286,1.064084617,0.704198867,-0.088571429,11.22203614,2.83811361,1.342028143,14.41288948,6.037551127,1,2.428288295,10.00000082
mp-1044930,Mg(SnO2)2,Mg,-2.021159701,0.228433122,0.0448,42,Materials_Project,0.285714286,0.571428571,0.142857143,0.955699891,20.57142857,18.66132091,1.714285714,46.5318,45.73577148,3.472142857,2.712857143,0.863261495,0.187142857,0.971428571,0.429166254,0.214285714,3,1.309307341,0.428571429,13.42857143,4.746642207,0.285714286,91.85714286,10.99907232,10.42857143,1.092656045,0.636050782,-0.06,10.97232743,3.056447323,1.092319429,14.43553907,5.352614224,1,2.34268664,10.85463007
mp-1045693,Ca2Sn9O13,Ca,-1.837643875,0.235747129,0,24,Materials_Project,0.375,0.541666667,0.083333333,0.90698478,24.75,19.82265118,1.666666667,56.522425,48.60297951,3.339833333,2.681666667,0.861663443,0.083333333,1.01875,0.464312328,0.15,3.291666667,1.428261375,0.333333333,14.08333333,3.762940635,0.166666667,87.16666667,23.06994196,1.333333333,1.210508439,0.393522296,0.002045917,10.63984533,3.253566004,0.509429623,16.93653358,5.541729919,1,3.838411733,24.66132749
mp-1045725,Mg2Sn9O13,Mg,-1.886142718,0.105664958,0,24,Materials_Project,0.375,0.541666667,0.083333333,0.90698478,24.08333333,20.10372409,1,55.20800833,49.23904825,2.025416667,2.7075,0.814198225,0.109166667,0.99375,0.428250438,0.125,3.208333333,1.413599621,0.25,14.08333333,3.762940635,0.166666667,91.91666667,10.21402902,6.083333333,1.173462522,0.507765652,-0.035,10.76760204,3.099774391,0.637186333,16.13101406,5.683155088,1,1.926865177,33.87450717
mp-1045878,CaSn5O7,Ca,-1.818832715,0.220428396,0,26,Materials_Project,0.384615385,0.538461539,0.076923077,0.898137003,25.07692308,19.94786103,1.538461538,57.35567692,48.90546171,3.082923077,2.683076923,0.852935065,0.076923077,1.019230769,0.461410239,0.138461539,3.307692308,1.434981393,0.307692308,14.15384615,3.63415748,0.153846154,87.53846154,22.34214846,1.230769231,1.216360989,0.381708573,0.001888538,10.62762542,3.24502927,0.470242729,15.3950867,6.186476508,1,4.106265638,18.85016226
mp-1045943,ZnSnO2,Zn,-1.483076834,0.227223924,0,16,Materials_Project,0.25,0.5,0.25,1.039720771,24,17.49285568,7.5,54.02945,42.44301212,16.35225,2.6225,0.824814373,0.4125,1,0.40155946,0.3375,3.25,1.299038106,1,14.5,1.658312395,3,90.25,11.03120574,19,0.85357404,0.862619244,-0.155,10.99355625,2.722764989,2.34854925,17.05386497,5.260860962,2.726063955,3.451105373,11.12617869
mp-1045951,ZnSnO2,Zn,-1.511384046,0.198916712,1.1204,16,Materials_Project,0.25,0.5,0.25,1.039720771,24,17.49285568,7.5,54.02945,42.44301212,16.35225,2.6225,0.824814373,0.4125,1,0.40155946,0.3375,3.25,1.299038106,1,14.5,1.658312395,3,90.25,11.03120574,19,0.85357404,0.862619244,-0.155,10.99355625,2.722764989,2.34854925,16.22313909,5.530249846,2.572902447,2.682042272,3.200784481
mp-1045965,MgSnO2,Mg,-2.132383686,0.2016221,1.088,16,Materials_Project,0.25,0.5,0.25,1.039720771,19.5,17.68473918,3,43.75345,43.40881586,6.07625,2.5375,0.931299495,0.3275,1.0375,0.437856997,0.375,3,1.224744871,0.75,12,5.830951895,0.5,89.5,12.03120942,18.25,0.90357404,0.777338122,-0.105,10.556566,3.063354276,1.911559,16.20000309,4.484833281,2.531864091,2.922203689,8.20757346
mp-1046012,CaSnO2,Ca,-2.299588605,0.225703576,1.6462,16,Materials_Project,0.25,0.5,0.25,1.039720771,21.5,17.16828471,5,47.6967,42.16150798,10.0195,2.46,1.037111373,0.25,1.1125,0.527227418,0.45,3.25,1.299038106,1,12,5.830951895,0.5,75.25,34.98839093,4,1.014711789,0.5891615,0.00613775,10.17329587,3.472133715,1.528288867,20.6432068,3.836721419,2.475303753,2.913709196,5.096213591
mp-1046192,Sn5(TeO6)3,Te,-1.654083261,0.149917946,0.3612,52,Materials_Project,0.192307692,0.692307692,0.115384615,0.820799689,21.15384615,19.73807782,6,48.62843077,49.0017361,14.72307692,3.000769231,0.659917962,0.242307692,0.855769231,0.383888737,0.161538462,2.923076923,1.384615385,0.576923077,15.61538462,0.788226982,1.846153846,96.5,7.169647561,10.61538462,1.452808143,0.230962466,0.227408735,11.87976938,2.645527705,1.039593231,14.96492137,5.395912685,1,1.232615107,13.90147187
mp-1046228,Mg(SnO2)4,Mg,-2.02655026,0.157452955,0.4556,13,Materials_Project,0.307692308,0.615384615,0.076923077,0.858740913,21.23076923,19.2079865,0.923076923,48.24155385,47.02913835,1.869615385,2.820769231,0.799696688,0.100769231,0.930769231,0.418577473,0.115384615,3,1.358732441,0.230769231,14.30769231,3.666577012,0.153846154,93.30769231,10.04133469,5.615384615,1.209014202,0.49611647,-0.032307692,11.22818062,3.023908679,0.588172,15.22838877,5.260371665,1,1.217242823,46.91022322
mp-1046264,Zn(SnO2)4,Zn,-1.840437842,0.145298421,0.6476,13,Materials_Project,0.307692308,0.615384615,0.076923077,0.858740913,22.61538462,19.14133048,2.307692308,51.4034,46.69410783,5.031461538,2.846923077,0.754120829,0.126923077,0.919230769,0.404559809,0.103846154,3.076923077,1.384615385,0.307692308,15.07692308,1.268647885,0.923076923,93.53846154,9.59659703,5.846153846,1.193629587,0.546896062,-0.047692308,11.36263915,2.897883159,0.722630539,15.54651449,5.490449573,1,1.212562415,45.95353559
mp-1046940,ZnSnO2,Zn,-1.560470355,0.149830403,1.1789,16,Materials_Project,0.25,0.5,0.25,1.039720771,24,17.49285568,7.5,54.02945,42.44301212,16.35225,2.6225,0.824814373,0.4125,1,0.40155946,0.3375,3.25,1.299038106,1,14.5,1.658312395,3,90.25,11.03120574,19,0.85357404,0.862619244,-0.155,10.99355625,2.722764989,2.34854925,17.01484013,5.272927151,2.527302749,2.974478522,6.813513441
mp-1047007,Ca(SnO2)2,Ca,-2.155814444,0.23449699,0.9068,14,Materials_Project,0.285714286,0.571428571,0.142857143,0.955699891,21.71428571,18.34365819,2.857142857,48.78508571,44.96729823,5.725428571,2.668571429,0.938744276,0.142857143,1.014285714,0.490418397,0.257142857,3.142857143,1.355261854,0.571428571,13.42857143,4.746642207,0.285714286,83.71428571,28.73879551,2.285714286,1.156163331,0.486446595,0.003507286,10.75331592,3.329650289,0.873307924,16.12082265,5.025149303,1,1,22.48711258
mp-1047057,Sn3(P2O7)2,P,-2.415777515,0.028305826,2.8992,42,Materials_Project,0.142857143,0.666666667,0.190476191,0.864150203,15.33333333,14.40678852,2.857142857,33.52460229,35.25116756,5.89976419,2.99047619,0.639110067,0.417142857,0.797619048,0.307631579,0.190476191,2.619047619,1.045452305,0.571428571,15.52380952,0.73153769,2.857142857,96.33333333,6.896053622,17.14285714,1.27515375,0.282957019,0.142211259,12.12529848,2.294107459,1.997464,16.36683208,3.401324796,1.000618751,1.028251673,6.709086653
mp-1047184,Ca(SnO2)2,Ca,-2.208865136,0.181446298,0.988,28,Materials_Project,0.285714286,0.571428571,0.142857143,0.955699891,21.71428571,18.34365819,2.857142857,48.78508571,44.96729823,5.725428571,2.668571429,0.938744276,0.142857143,1.014285714,0.490418397,0.257142857,3.142857143,1.355261854,0.571428571,13.42857143,4.746642207,0.285714286,83.71428571,28.73879551,2.285714286,1.156163331,0.486446595,0.003507286,10.75331592,3.329650289,0.873307924,14.53701037,5.572641048,3.156299295,3.749323058,0
mp-1047243,Zn(SnO2)2,Zn,-1.779305159,0.102077611,0.8741,56,Materials_Project,0.285714286,0.571428571,0.142857143,0.955699891,23.14285714,18.54283513,4.285714286,52.4038,45.13991091,9.344142857,2.761428571,0.789365542,0.235714286,0.95,0.405321742,0.192857143,3.142857143,1.355261854,0.571428571,14.85714286,1.456862718,1.714285714,92.28571429,10.29166495,10.85714286,1.064084617,0.704198867,-0.088571429,11.22203614,2.83811361,1.342028143,15.33474757,5.674599908,1,4.056119391,15.51539298
mp-1047488,Sn3(AsO4)4,As,-1.590664148,0.182052342,0.5683,46,Materials_Project,0.130434783,0.695652174,0.173913044,0.822344917,17.82608696,15.56375995,5.739130435,39.64377391,37.6929281,13.02984348,3.027826087,0.62603623,0.379130435,0.806521739,0.322794977,0.2,2.739130435,1.150326657,0.695652174,15.56521739,0.711769806,2.608695652,96.56521739,6.901959942,15.47826087,1.301389716,0.255662991,0.139910661,12.13368843,2.341291962,1.702356522,14.99242298,4.39088701,1.743060737,3.225672708,6.67170315
mp-1047628,Mg(SnO2)2,Mg,-2.087274076,0.162318747,1.5423,28,Materials_Project,0.285714286,0.571428571,0.142857143,0.955699891,20.57142857,18.66132091,1.714285714,46.5318,45.73577148,3.472142857,2.712857143,0.863261495,0.187142857,0.971428571,0.429166254,0.214285714,3,1.309307341,0.428571429,13.42857143,4.746642207,0.285714286,91.85714286,10.99907232,10.42857143,1.092656045,0.636050782,-0.06,10.97232743,3.056447323,1.092319429,14.34886391,5.384947006,3.386433045,3.806085427,4.488012336
mp-1047786,Mg(SnO2)2,Mg,-2.140196157,0.109396666,1.1012,14,Materials_Project,0.285714286,0.571428571,0.142857143,0.955699891,20.57142857,18.66132091,1.714285714,46.5318,45.73577148,3.472142857,2.712857143,0.863261495,0.187142857,0.971428571,0.429166254,0.214285714,3,1.309307341,0.428571429,13.42857143,4.746642207,0.285714286,91.85714286,10.99907232,10.42857143,1.092656045,0.636050782,-0.06,10.97232743,3.056447323,1.092319429,14.32250693,5.394856648,1,1,19.88280518
mp-1047985,Zn(SnO2)4,Zn,-1.80963965,0.176096613,0,13,Materials_Project,0.307692308,0.615384615,0.076923077,0.858740913,22.61538462,19.14133048,2.307692308,51.4034,46.69410783,5.031461538,2.846923077,0.754120829,0.126923077,0.919230769,0.404559809,0.103846154,3.076923077,1.384615385,0.307692308,15.07692308,1.268647885,0.923076923,93.53846154,9.59659703,5.846153846,1.193629587,0.546896062,-0.047692308,11.36263915,2.897883159,0.722630539,14.68400416,5.812948086,1,1.342989762,49.56001544
mp-1047987,Ca(SnO2)4,Ca,-2.1035204,0.156718247,0.5572,13,Materials_Project,0.307692308,0.615384615,0.076923077,0.858740913,21.84615385,19.02971827,1.538461538,49.45486154,46.59742944,3.082923077,2.796923077,0.847579219,0.076923077,0.953846154,0.455927431,0.138461539,3.076923077,1.384615385,0.307692308,14.30769231,3.666577012,0.153846154,88.92307692,22.57453139,1.230769231,1.243210433,0.38568361,0.001888538,11.11025134,3.186807759,0.470242729,15.48663911,5.302747035,1,1.278918449,45.93248337
mp-1048188,Ba2Sn3O7,Ba,-2.178204812,0.249635815,0,12,Materials_Project,0.25,0.583333333,0.166666667,0.959614794,26.5,21.97157254,9.333333333,61.89831667,54.62649577,22.88783333,2.645,0.999662443,0.148333333,1.070833333,0.59946446,0.358333333,3.416666667,1.705790791,1,13.16666667,5.063485844,0.333333333,82,31.3289004,2.333333333,1.154437788,0.474620238,0.024104333,10.64845568,3.577789625,0.868610767,18.01425162,5.705736499,1.043827279,3.534348421,0
mp-1048412,MgSnO2,Mg,-2.09056713,0.243438656,1.1683,16,Materials_Project,0.25,0.5,0.25,1.039720771,19.5,17.68473918,3,43.75345,43.40881586,6.07625,2.5375,0.931299495,0.3275,1.0375,0.437856997,0.375,3,1.224744871,0.75,12,5.830951895,0.5,89.5,12.03120942,18.25,0.90357404,0.777338122,-0.105,10.556566,3.063354276,1.911559,16.64467569,4.365018243,2.564321734,2.839661049,3.3330731
mp-1049297,Ca(SnO2)2,Ca,-2.221853343,0.168458091,0.4125,42,Materials_Project,0.285714286,0.571428571,0.142857143,0.955699891,21.71428571,18.34365819,2.857142857,48.78508571,44.96729823,5.725428571,2.668571429,0.938744276,0.142857143,1.014285714,0.490418397,0.257142857,3.142857143,1.355261854,0.571428571,13.42857143,4.746642207,0.285714286,83.71428571,28.73879551,2.285714286,1.156163331,0.486446595,0.003507286,10.75331592,3.329650289,0.873307924,16.36467679,4.950268296,1.064381281,2.545075019,10.59450194
mp-1101386,Sn2P2O7,P,-2.309177272,0.059944021,2.8001,66,Materials_Project,0.181818182,0.636363636,0.181818182,0.907535294,16.90909091,15.81974914,2.727272727,37.39666582,38.7428878,5.631593091,2.943636364,0.66027918,0.398181818,0.827272727,0.329850956,0.181818182,2.727272727,1.135454182,0.545454546,15.45454545,0.78202957,2.727272727,95.72727273,7.287485027,16.36363636,1.267740861,0.278530681,0.135747111,11.907963,2.452678919,1.906670182,15.68231449,3.959786968,1.250356641,1.250356641,20.48740842
mp-1101394,SnGeO3,Ge,-1.803125897,0.142748462,2.5994,10,Materials_Project,0.2,0.6,0.2,0.950270539,21.2,17.13942823,6.4,47.86964,41.66308662,14.528,2.858,0.712976858,0.402,0.9,0.372827038,0.25,3,1.264911064,0.8,15.2,0.979795897,2.8,94,8.579044236,16.8,1.34561711,0.146504367,0.246535283,11.2195036,2.942861387,1.579887,15.72069586,5.056354248,1.000000008,1.000000008,45.68585726
mp-1101402,Sn2N2O,N,-0.464262596,0.187618365,0.6767,40,Materials_Project,0.4,0.2,0.4,1.054920168,24.4,20.90550167,2.8,56.28656,50.97371893,5.60268,2.688,0.612091496,1.216,0.96,0.400499688,0.26,3.2,1.469693846,0.8,14.8,0.748331477,6,93.4,8.499411744,40,0.709050676,0.648735245,-0.028,11.4748302,3.389422201,5.813652,14.28078604,6.54488006,1,1,60.5655288
mp-1101413,Sn4P2O9,P,-2.131770352,0.079215644,2.0093,30,Materials_Project,0.266666667,0.6,0.133333333,0.927617334,20.13333333,18.15807136,2,45.38547493,44.49210525,4.129834933,2.878666667,0.690901505,0.292,0.88,0.368239053,0.133333333,2.933333333,1.289271974,0.4,15.33333333,0.869226987,2,94.73333333,7.953755228,12,1.272767722,0.255113827,0.099547881,11.52743593,2.726533853,1.3982248,17.48046988,4.311346016,1.282209634,1.309631873,15.08391919
mp-1101467,SnP4O11,P,-2.443044485,0.012525243,4.1253,64,Materials_Project,0.0625,0.6875,0.25,0.777462132,12.375,10.16658128,3.75,26.162403,24.74091669,7.7434405,3.035,0.602909612,0.5475,0.753125,0.248412931,0.25,2.4375,0.788095013,0.75,15.625,0.59947894,3.75,97.125,5.956876279,22.5,1.260671838,0.30832892,0.186652278,12.44307919,1.879121999,2.6216715,16.35398893,2.656458461,1.333377175,3.894572246,5.825100908
mp-1101484,Sn2P3O10,P,-2.296665241,0.14358168,0,30,Materials_Project,0.133333333,0.666666667,0.2,0.860851391,15,14,3,32.68901907,34.24760672,6.1947524,2.992666667,0.635960865,0.438,0.793333333,0.301588388,0.2,2.6,1.019803903,0.6,15.53333333,0.718021974,3,96.4,6.8,18,1.271673168,0.287158195,0.149321822,12.1552296,2.251638416,2.0973372,17.46373834,3.108234455,1,1.322621017,15.34881295
mp-1101518,Sn(PO3)3,P,-2.473218927,0.009647673,2.413409267,26,Materials_Project,0.076923077,0.692307692,0.230769231,0.790267968,12.84615385,11.11372093,3.461538462,27.35583738,27.09750087,7.147791231,3.037692308,0.605984943,0.505384615,0.757692308,0.260063716,0.230769231,2.461538462,0.842650089,0.692307692,15.61538462,0.624926031,3.461538462,97.07692308,6.120099779,20.76923077,1.269378026,0.30070026,0.17229441,12.41280546,1.959141623,2.420004462,16.18401005,2.806809717,1.000000021,1.524802999,10.00018345
mp-1101720,SnPbO3,Pb,-1.801487067,0.076258079,1.3569,40,Materials_Project,0.2,0.6,0.2,0.950270539,31.2,30.16222803,16.4,74.78164,77.24037558,41.44,2.922,0.645117044,0.466,1.01,0.514198405,0.36,3.4,1.743559577,1.2,15.2,0.979795897,2.8,93.6,9.068627239,16.4,1.170426067,0.428723142,0.07134424,11.12295258,3.055950516,1.48333598,14.12353016,8.792266046,1.402274817,2.024680135,0
mp-1101728,Sn2(SO4)3,S,-1.797001708,0.04273895,1.4069,136,Materials_Project,0.117647059,0.705882353,0.176470588,0.803742107,14.35294118,13.35902945,2.823529412,30.91810588,32.62044908,5.658529412,3.114117647,0.531048451,0.455294118,0.770588235,0.290060249,0.176470588,2.529411765,0.977249866,0.529411765,15.76470588,0.644379479,2.823529412,97.64705882,5.960074777,16.58823529,1.528753466,0.27698147,0.366547811,12.30497212,2.186361316,1.828237059,14.87804495,3.450770773,1.014632039,3.006400722,0
mp-1103830,Zn2SnO4,Zn,-1.810101155,0.11647634,0.436152276,14,Materials_Project,0.142857143,0.571428571,0.285714286,0.955699891,20.28571429,15.47084157,8.571428571,44.78937143,37.09071373,18.68828571,2.717142857,0.840148189,0.471428571,0.935714286,0.388875931,0.385714286,3,1.195228609,1.142857143,14.57142857,1.761261144,3.428571429,91.28571429,11.42321303,21.71428571,0.816646017,0.916244639,-0.177142857,11.51493314,2.509550247,2.684056286,12.03595646,6.17935943,1,1,30
mp-1104726,Cd2SnO4,Cd,-1.609490984,0.097345871,0.245463674,14,Materials_Project,0.142857143,0.571428571,0.285714286,0.955699891,25.42857143,20.13424335,13.71428571,58.21851429,48.78917518,32.11742857,2.728571429,0.825701928,0.482857143,0.992857143,0.45468087,0.442857143,3.285714286,1.484614978,1.428571429,14.57142857,1.761261144,3.428571429,91,11.80798761,21.42857143,0.788074588,0.961061451,-0.205714286,11.40053971,2.610699837,2.569662857,14.51146677,6.661912189,1,1,30
mp-1142992,Si2SnO6,Si,-2.815525599,0.068855965,3.031271032,18,Materials_Project,0.111111111,0.666666667,0.222222222,0.848685558,14,12.9614814,3.111111111,30.09748889,31.71541859,6.241222222,2.933333333,0.716720928,0.422222222,0.805555556,0.305908887,0.244444444,2.555555556,0.955813919,0.666666667,15.33333333,0.942809042,3.111111111,95.44444444,7.875575621,18.88888889,1.406421182,0.108095056,0.308782507,11.70617867,2.712724468,1.811484444,12.15247896,4.112581169,1.230969533,1.230969533,11.05096593
mp-1147658,Cu6SnO8,Cu,-1.161771516,0.013960839,0,15,Materials_Project,0.066666667,0.533333333,0.4,0.882310925,19.2,12.98306589,11.6,41.86541333,30.63525496,25.4184,2.725333333,0.76414542,0.76,0.956666667,0.382041301,0.54,3,1.095445115,1.6,13.86666667,2.39072281,4.4,88.2,13.93413076,28.8,1.347711869,0.124785837,0.4943136,10.8431092,2.967950337,3.090552,12.77896602,5.440123579,1.000006627,1.01102056,29.75287368
mp-11651,Yb3SnO,Yb,-1.545781029,0.189159094,0,5,Materials_Project,0.2,0.2,0.6,0.950270539,53.6,24.07986711,42,130.76588,61.11954326,103.824,1.74,0.912929351,0.66,1.46,0.445421149,1.05,5,1.549193338,3.6,7.8,5.9126982,1.8,47,37.18064012,10.2,0.502636636,0.649543429,-0.012,7.9448906,2.867810045,3.752496,20.12057643,10.7920294,1,1,0
mp-1173146,Ta4SnO12,Ta,-3.014640468,0.113261288,2.8111,17,Materials_Project,0.058823529,0.705882353,0.235294118,0.752974683,25.76470588,27.96958308,17.17647059,60.85260706,70.78579886,42.57597176,2.896470588,0.847924394,0.352941177,0.85,0.387298335,0.341176471,3.117647059,1.744987879,1.411764706,13.29411765,4.624292708,1.176470588,88.41176471,20.62853199,12.23529412,1.174168404,0.475894999,0.077378642,11.82110953,2.784173401,1.776369647,14.57061832,6.935061309,1.104363765,1.825715641,7.349713357
mp-1176491,MgSnO3,Mg,-2.492748274,0.003594649,3.5237,10,Materials_Project,0.2,0.6,0.2,0.950270539,17.2,16.47300823,2.4,38.20264,40.38200345,4.861,2.718,0.907841396,0.262,0.95,0.428952212,0.3,2.8,1.166190379,0.6,12.8,5.455272679,0.4,91.8,11.70299107,14.6,1.015081827,0.730164086,-0.084,11.1688638,3.00115743,1.5292472,11.31178777,5.608041581,1.000000012,1.000000012,33.83418759
mp-1178212,FeSnO3,Fe,-1.858812262,0,0.862,20,Materials_Project,0.2,0.6,0.2,0.950270539,20,16.5408585,5.2,44.51064,40.18130202,11.169,2.822,0.758007916,0.366,0.93,0.404474968,0.28,3,1.264911064,0.8,14,3.098386677,1.6,89.4,15.81897595,12.2,1.129729097,0.506615387,0.03064727,11.22011022,2.942177183,1.58049362,11.7981336,6.264690592,1.025270252,1.702136608,12.49885401
mp-1178214,FeSnO3,Fe,-1.823627728,0.035184535,0.989703831,20,Materials_Project,0.2,0.6,0.2,0.950270539,20,16.5408585,5.2,44.51064,40.18130202,11.169,2.822,0.758007916,0.366,0.93,0.404474968,0.28,3,1.264911064,0.8,14,3.098386677,1.6,89.4,15.81897595,12.2,1.129729097,0.506615387,0.03064727,11.22011022,2.942177183,1.58049362,11.68757601,6.323950878,1.004067792,1.446634365,0.001342053
mp-1178513,BaSnO3,Ba,-2.586822249,0.000646023,0.6651,10,Materials_Project,0.2,0.6,0.2,0.950270539,26,22.1269067,11.2,60.80704,55.19280906,27.4654,2.634,1.043524796,0.178,1.08,0.628171951,0.43,3.4,1.743559577,1.2,12.8,5.455272679,0.4,80,33.72832637,2.8,1.128007027,0.509935477,0.0289252,10.68194952,3.658650508,1.04233292,14.71016995,6.864126369,1,1,19.99379783
mp-1179348,SnPO4,P,-2.183584996,0.224920699,0,24,Materials_Project,0.166666667,0.666666667,0.166666667,0.867563229,16.16666667,15.34510418,2.5,35.61356033,37.56196471,5.162293667,2.985,0.646883555,0.365,0.808333333,0.321994651,0.166666667,2.666666667,1.105541597,0.5,15.5,0.763762616,2.5,96.16666667,7.127801593,15,1.283855204,0.271975712,0.124434852,12.05047067,2.395354638,1.747781,14.49291611,4.080456121,1.162763909,3.546595289,0.260632847
mp-1179370,SnAsO4,As,-1.605439034,0.241398372,0,24,Materials_Project,0.166666667,0.666666667,0.166666667,0.867563229,19.16666667,16.53699556,5.5,42.9382,40.13954686,12.48693333,2.983333333,0.648939306,0.363333333,0.833333333,0.341158158,0.191666667,2.833333333,1.213351648,0.666666667,15.5,0.763762616,2.5,96,7.280109889,14.83333333,1.293501403,0.253123031,0.13408105,11.93411467,2.483813377,1.631425,15.6389811,4.559156257,1.133781055,3.386679632,0.885104055
mp-1179534,Sn3(HO2)2,H,-1.500435219,0.012700713,2.5989,36,Materials_Project,0.333333333,0.444444444,0.222222222,1.060856947,20.44444444,21.0718934,0.222222222,46.90483111,51.1007488,0.223986667,2.671111111,0.693276351,0.488888889,0.805555556,0.475186773,0.055555556,2.777777778,1.617802198,0.222222222,12,5.944184833,0.222222222,95.44444444,8.833158629,22.88888889,1.187672544,0.277294681,0.167598931,11.52231591,2.954583149,3.021874355,15.84505748,4.915558341,1,1.146583734,0.044521654
mp-1181816,MnSnO3,Mn,-1.929803401,0.154089912,0.1836,10,Materials_Project,0.2,0.6,0.2,0.950270539,19.8,16.47300823,5,44.329249,40.13174231,10.987609,2.766,0.83559799,0.31,0.93,0.404474968,0.28,3,1.264911064,0.8,13.8,3.487119155,1.4,89.2,16.17899873,12,0.995081827,0.769508197,-0.104,11.1264242,3.051745112,1.4868076,17.76858454,4.142730087,1.15670163,2.205276238,51.31976594
mp-1182642,CdSnO3,Cd,-1.75813686,0.079610972,0.7079,10,Materials_Project,0.2,0.6,0.2,0.950270539,24.4,20.0957707,9.6,55.82384,48.8154358,22.4822,2.794,0.795778864,0.338,0.96,0.442040722,0.31,3.2,1.469693846,1,14.8,1.6,2.4,92.2,11.070682,15,0.955081827,0.848380464,-0.144,11.4383806,2.720053013,1.798764,15.58133142,5.949277673,1.99221791,2.522556082,15.72215327
mp-1186893,RbSnO3,Rb,-1.649811395,0.185850815,0,5,Materials_Project,0.2,0.6,0.2,0.950270539,22.2,17.87064632,7.4,50.4352,43.46539852,17.09356,2.62,1.06703327,0.164,1.12,0.697567201,0.47,3.2,1.469693846,1,12.6,5.851495535,0.2,79,35.68753284,1.8,1.196265069,0.380030926,0.097183242,10.47504222,3.977518049,0.83542562,14.82390896,5.649631292,1,1,0
mp-1191975,Sn2Pb2O7,Pb,-1.732623209,0.05454012,0,22,Materials_Project,0.181818182,0.636363636,0.181818182,0.907535294,29.09090909,29.52180872,14.90909091,69.4378,75.55972054,37.67272727,2.969090909,0.632864405,0.423636364,0.972727273,0.504238236,0.327272727,3.272727273,1.710444338,1.090909091,15.27272727,0.962091386,2.545454545,94.27272727,8.904451482,14.90909091,1.19685215,0.417225956,0.0648584,11.34978007,3.00072588,1.348487255,14.12933669,8.160622264,1,1,30
mp-1194203,Sr2SnO4,Sr,-2.78460811,0.000666932,2.682,28,Materials_Project,0.142857143,0.571428571,0.285714286,0.955699891,22.57142857,17.22835821,10.85714286,51.13537143,41.6905824,25.03428571,2.517142857,1.110272995,0.271428571,1.121428571,0.625560973,0.571428571,3.285714286,1.484614978,1.428571429,11.71428571,6.180945044,0.571428571,73.85714286,37.71861447,4.285714286,1.008664874,0.616405783,0.014876,10.45798184,3.684255313,1.627104986,14.92005311,5.691151452,1.01184247,2.188762566,0
mp-1198177,Sn2PO5,P,-2.135834962,0.125125857,0.2553,32,Materials_Project,0.25,0.625,0.125,0.900256051,19.375,17.82510519,1.875,43.54884525,43.6626138,3.87172025,2.91375,0.682622471,0.27375,0.8625,0.362930779,0.125,2.875,1.268611446,0.375,15.375,0.856956825,1.875,95.125,7.849163968,11.25,1.284539301,0.251185039,0.093326139,11.65809963,2.688021145,1.31083575,15.9747903,4.526792369,1.159059241,1.630908691,7.980045596
mp-1198288,Sn2Bi2O7,Bi,-1.936504771,0,2.667,132,Materials_Project,0.181818182,0.636363636,0.181818182,0.907535294,29.27272727,29.84837717,15.09090909,69.76150909,76.15072334,37.99643636,2.912727273,0.697750814,0.367272727,0.936363636,0.447259793,0.290909091,3.272727273,1.710444338,1.090909091,15.45454545,0.78202957,2.727272727,95.18181818,7.790649195,15.81818182,1.303332319,0.214904737,0.171338569,11.32593209,3.032244725,1.324639273,14.39530061,8.047189449,1,4.900020246,10.00000242
mp-1198561,Sn15Ru3O14,Ru,-1.502136468,0,1.8146,32,Materials_Project,0.46875,0.4375,0.09375,0.938754887,31.0625,20.40823593,4.125,72.1203625,49.73901682,9.4753125,2.63,0.717495645,0.20625,1.0640625,0.411406576,0.121875,3.6875,1.488235112,0.46875,14.3125,2.242173889,0.75,88.90625,12.17415134,5.8125,1.258607835,0.179537197,0.098088,10.0904075,3.111096118,0.690046875,17.09959561,7.00359717,1.007954877,1.825881693,20.54360392
mp-1216649,TiSnO4,Ti,-2.767403298,0.04036543,1.5783,6,Materials_Project,0.166666667,0.666666667,0.166666667,0.867563229,17.33333333,15.47758235,3.666666667,38.4291,37.74136243,7.977833333,2.876666667,0.805846691,0.256666667,0.875,0.389176481,0.233333333,2.833333333,1.213351648,0.666666667,13.66666667,4.384315479,0.666666667,89.66666667,18.49924923,8.5,1.172011186,0.506647544,0.012590833,11.44070967,3.082829225,1.13802,11.64981855,5.477597918,1.530195446,1.530195446,0.065315164
mp-1218921,SnSbO4,Sb,-1.881713074,0.091531251,0,6,Materials_Project,0.166666667,0.666666667,0.166666667,0.867563229,22.16666667,20.03677175,8.5,50.7446,49.14502065,20.29333333,2.961666667,0.67696422,0.341666667,0.883333333,0.400693843,0.241666667,3,1.414213562,0.833333333,15.5,0.763762616,2.5,95.83333333,7.447967657,14.66666667,1.333987218,0.18074962,0.174566865,11.73742117,2.684549833,1.4347315,13.30023795,6.335479937,1.470810521,1.470810521,0.050514192
mp-1221361,Mn5SnO8,Mn,-1.972234965,0.088222126,0,28,Materials_Project,0.071428571,0.571428571,0.357142857,0.876005766,17.07142857,12.12119917,8.928571429,37.24253036,29.04770645,19.62073036,2.659285714,0.907023896,0.553571429,0.946428571,0.400207217,0.5,2.928571429,1.09962888,1.428571429,12.64285714,4.236021429,2.5,85.07142857,19.2296805,21.42857143,0.728641002,0.934828528,-0.185714286,10.96132486,3.067806518,2.655013571,12.38079563,4.995048656,1.000015555,1.521618508,0.005968073
mp-1222532,Li7(SnO3)4,Li,-2.118922594,0.050716446,0,23,Materials_Project,0.173913044,0.52173913,0.304347826,1.005692986,13.7826087,16.76164494,0.913043478,31.1052087,40.39155432,2.112478261,2.433913043,1.100236098,0.29826087,1.006521739,0.424598109,0.441304348,2.52173913,1.137104072,0.608695652,11.08695652,6.710880481,0.304347826,70.7826087,39.42075874,3.652173913,1.143825265,0.369910365,0.188101937,10.02323204,3.810423753,1.640956738,10.88140137,4.746761235,1,1.885232303,13.48524491
mp-1222981,Li2SnO4,Li,-1.829857293,0.083317755,2.2753,7,Materials_Project,0.142857143,0.571428571,0.285714286,0.955699891,12.57142857,15.43518377,0.857142857,28.08422857,37.20843799,1.983142857,2.525714286,1.098191463,0.28,0.964285714,0.42064091,0.414285714,2.428571429,1.049781318,0.571428571,11.42857143,6.63017222,0.285714286,73,39.05673529,3.428571429,1.170374365,0.368712291,0.176585491,10.37136686,3.797052381,1.540489999,11.11345198,4.196262221,1.59932206,2.010557875,17.77246549
mp-12231,SnTe3O8,Te,-1.651832558,0,2.9251,48,Materials_Project,0.083333333,0.666666667,0.25,0.823959217,22.5,20.5121915,13,52.45876667,51.60920792,31.9,2.981666667,0.64912548,0.525,0.870833333,0.383220092,0.35,3,1.414213562,1.25,15.83333333,0.552770798,4,97.25,5.760859311,23,1.559466761,0.255819494,0.492718925,11.9431485,2.405009961,2.252452,14.72107577,5.917355008,1.000006592,1.000011865,19.47115763
mp-1223964,In4(SnO4)3,In,-2.008108151,0.039681951,1.6233,19,Materials_Project,0.157894737,0.631578947,0.210526316,0.90970771,23.26315789,19.98642198,10.31578947,53.02077895,48.48645899,24.17221053,2.856842105,0.765444849,0.374736842,0.934210526,0.438614035,0.32631579,3.105263158,1.447129167,1.052631579,15.05263158,1.276247963,2.736842105,93.52631579,9.858837452,16.63157895,1.179224755,0.429017316,0.080826526,10.97862299,3.487353208,1.218180147,12.71185717,6.92605916,1.012948296,1.015130021,9.605393991
mp-1226511,CeSnO4,Ce,-2.828796127,0.188532973,1.6881,6,Materials_Project,0.166666667,0.666666667,0.166666667,0.867563229,23.33333333,21.80723631,9.666666667,53.80393333,53.81960811,23.35266667,2.806666667,0.927912831,0.186666667,0.95,0.508265023,0.308333333,3.166666667,1.67497927,1,13.5,4.752192476,0.5,86.5,25.24381112,5.333333333,1.259447064,0.321210103,0.100026712,11.22578967,3.423078236,0.9231,12.62350247,7.077555017,1.000000051,1.000000051,57.19664011
mp-1226805,Ce3SnO8,Ce,-3.351276054,0.120976595,1.083548075,12,Materials_Project,0.083333333,0.666666667,0.25,0.823959217,24,22.71563338,14.5,55.58776667,56.24158695,35.029,2.736666667,1.016590161,0.28,0.983333333,0.55126118,0.4625,3.25,1.785357107,1.5,12.58333333,5.559651268,0.75,82.25,29.42256787,8,1.216787903,0.368466716,0.150040068,11.0753465,3.624145603,1.38465,13.12407828,7.033305973,1,2.837707316,0
mp-1226854,Ce4SnO10,Ce,-3.489698109,0.073539249,1.826024169,15,Materials_Project,0.066666667,0.666666667,0.266666667,0.803314976,24.13333333,22.89065797,15.46666667,55.94453333,56.70683896,37.36426667,2.722666667,1.032843755,0.298666667,0.99,0.559225655,0.493333333,3.266666667,1.806162291,1.6,12.4,5.689756878,0.8,81.4,30.11710477,8.533333333,1.208256071,0.376628897,0.160042739,11.04525787,3.662293372,1.47696,13.22955056,7.022013543,1,1.000000017,76.06152902
mp-1226901,Ce4SnO10,Ce,-3.466129004,0.097108355,1.555851139,15,Materials_Project,0.066666667,0.666666667,0.266666667,0.803314976,24.13333333,22.89065797,15.46666667,55.94453333,56.70683896,37.36426667,2.722666667,1.032843755,0.298666667,0.99,0.559225655,0.493333333,3.266666667,1.806162291,1.6,12.4,5.689756878,0.8,81.4,30.11710477,8.533333333,1.208256071,0.376628897,0.160042739,11.04525787,3.662293372,1.47696,13.22707486,7.023327842,1,1,59.77483263
mp-1226979,Ce3SnO8,Ce,-3.374398032,0.097854617,1.57042301,12,Materials_Project,0.083333333,0.666666667,0.25,0.823959217,24,22.71563338,14.5,55.58776667,56.24158695,35.029,2.736666667,1.016590161,0.28,0.983333333,0.55126118,0.4625,3.25,1.785357107,1.5,12.58333333,5.559651268,0.75,82.25,29.42256787,8,1.216787903,0.368466716,0.150040068,11.0753465,3.624145603,1.38465,13.1169861,7.037108788,1.000000014,1.000000014,72.75736894
mp-12866,SrSnO3,Sr,-2.633699614,0.003659024,1.6169,10,Materials_Project,0.2,0.6,0.2,0.950270539,22.4,18.03995565,7.6,50.86564,43.81941177,17.524,2.646,1.023554591,0.19,1.05,0.577927331,0.4,3.2,1.469693846,1,12.8,5.455272679,0.4,80.2,33.33706646,3,1.109495027,0.545723067,0.0104132,10.77859009,3.516500851,1.13897349,13.33277058,6.33509606,1.000000052,1.000000055,19.97553493
mp-12867,SrSnO3,Sr,-2.630651681,0.006706957,1.5614,10,Materials_Project,0.2,0.6,0.2,0.950270539,22.4,18.03995565,7.6,50.86564,43.81941177,17.524,2.646,1.023554591,0.19,1.05,0.577927331,0.4,3.2,1.469693846,1,12.8,5.455272679,0.4,80.2,33.33706646,3,1.109495027,0.545723067,0.0104132,10.77859009,3.516500851,1.13897349,13.29109082,6.354962396,1.000000479,1.000000532,21.14054531
mp-1287612,Mn5SnO8,Mn,-1.98369253,0.076764561,0.4236,28,Materials_Project,0.071428571,0.571428571,0.357142857,0.876005766,17.07142857,12.12119917,8.928571429,37.24253036,29.04770645,19.62073036,2.659285714,0.907023896,0.553571429,0.946428571,0.400207217,0.5,2.928571429,1.09962888,1.428571429,12.64285714,4.236021429,2.5,85.07142857,19.2296805,21.42857143,0.728641002,0.934828528,-0.185714286,10.96132486,3.067806518,2.655013571,12.37173047,4.998708689,1.02133169,1.731174928,15.7266738
mp-1297694,Mn5SnO8,Mn,-1.985843447,0.074613644,0.4344,28,Materials_Project,0.071428571,0.571428571,0.357142857,0.876005766,17.07142857,12.12119917,8.928571429,37.24253036,29.04770645,19.62073036,2.659285714,0.907023896,0.553571429,0.946428571,0.400207217,0.5,2.928571429,1.09962888,1.428571429,12.64285714,4.236021429,2.5,85.07142857,19.2296805,21.42857143,0.728641002,0.934828528,-0.185714286,10.96132486,3.067806518,2.655013571,12.37752871,4.996367049,1.029440912,1.726706871,15.23115966
mp-13252,SnB4O7,B,-2.614625812,0,3.572,24,Materials_Project,0.083333333,0.583333333,0.333333333,0.887694276,10.5,11.98957881,1.666666667,22.82915,29.00775688,3.603666667,2.85,0.69840294,0.68,0.754166667,0.239320508,0.283333333,2.25,0.829156198,0.666666667,14.83333333,1.404358296,4.333333333,94.5,7.729812417,28.66666667,1.038229504,0.544563467,0.093241083,11.32186492,2.728034403,2.766006333,8.55158571,4.4329434,1.05103232,2.56878342,0
mp-13334,ZnSnO3,Zn,-1.939425193,0.041423655,1.081,10,Materials_Project,0.2,0.6,0.2,0.950270539,20.8,16.90443729,6,46.42344,40.89661325,13.0818,2.786,0.806959726,0.33,0.92,0.393192065,0.27,3,1.264911064,0.8,14.8,1.6,2.4,92.4,10.76289924,15.2,0.975081827,0.808916645,-0.124,11.518456,2.651949913,1.8788394,11.75700788,6.556764827,1.000000039,1.000000039,33.57190594
mp-1337169,ZnSnO3,Zn,-1.898006614,0.082842234,1.106317859,20,Materials_Project,0.2,0.6,0.2,0.950270539,20.8,16.90443729,6,46.42344,40.89661325,13.0818,2.786,0.806959726,0.33,0.92,0.393192065,0.27,3,1.264911064,0.8,14.8,1.6,2.4,92.4,10.76289924,15.2,0.975081827,0.808916645,-0.124,11.518456,2.651949913,1.8788394,11.55153098,6.673395577,1.005054523,1.475724316,0
mp-1340379,AlSnO3,Al,-2.436627378,0.235436242,0,20,Materials_Project,0.2,0.6,0.2,0.950270539,17.4,16.41462762,2.6,38.73794772,40.21160767,5.39630772,2.778,0.818300678,0.322,0.9,0.372827038,0.25,2.8,1.166190379,0.6,15,1.264911064,2.6,93.2,9.6,16,1.185648827,0.399945989,0.086567,10.8367704,3.433332624,1.1971538,12.7949852,5.027428681,1.019344461,1.955538831,8.421354303
mp-1343054,YSnO3,Y,-2.773369187,0.200435937,1.950264569,20,Materials_Project,0.2,0.6,0.2,0.950270539,22.6,18.21647606,7.8,51.12281,44.03759338,17.78117,2.7,0.936034187,0.244,1.01,0.514198405,0.36,3.2,1.469693846,1,13,5.059644256,0.6,82.2,29.43739119,5,1.161340267,0.44600455,0.06225844,10.8830686,3.368554844,1.243452,14.44310609,5.877643126,1.047758109,1.81305138,11.03436417
mp-1344354,Ca(SnO2)2,Ca,-2.199387635,0.190923799,1.4524,28,Materials_Project,0.285714286,0.571428571,0.142857143,0.955699891,21.71428571,18.34365819,2.857142857,48.78508571,44.96729823,5.725428571,2.668571429,0.938744276,0.142857143,1.014285714,0.490418397,0.257142857,3.142857143,1.355261854,0.571428571,13.42857143,4.746642207,0.285714286,83.71428571,28.73879551,2.285714286,1.156163331,0.486446595,0.003507286,10.75331592,3.329650289,0.873307924,14.37433247,5.635708013,3.35450472,3.537716456,0
mp-1350206,Ca(SnO2)2,Ca,-2.28742312,0.102888314,1.6843,42,Materials_Project,0.285714286,0.571428571,0.142857143,0.955699891,21.71428571,18.34365819,2.857142857,48.78508571,44.96729823,5.725428571,2.668571429,0.938744276,0.142857143,1.014285714,0.490418397,0.257142857,3.142857143,1.355261854,0.571428571,13.42857143,4.746642207,0.285714286,83.71428571,28.73879551,2.285714286,1.156163331,0.486446595,0.003507286,10.75331592,3.329650289,0.873307924,15.97872975,5.069836087,1,2.639203602,14.00258679
mp-1354740,Mg(SnO2)2,Mg,-2.125700374,0.123892449,1.3402,42,Materials_Project,0.285714286,0.571428571,0.142857143,0.955699891,20.57142857,18.66132091,1.714285714,46.5318,45.73577148,3.472142857,2.712857143,0.863261495,0.187142857,0.971428571,0.429166254,0.214285714,3,1.309307341,0.428571429,13.42857143,4.746642207,0.285714286,91.85714286,10.99907232,10.42857143,1.092656045,0.636050782,-0.06,10.97232743,3.056447323,1.092319429,14.38187231,5.372587802,1,2.669580355,10.8223787
mp-13554,SnHgO3,Hg,-1.453517255,0.064994942,0,10,Materials_Project,0.2,0.6,0.2,0.950270539,30.8,29.49169375,16,73.45964,74.98634683,40.118,2.856,0.715362845,0.4,0.95,0.428952212,0.3,3.4,1.743559577,1.2,14.8,1.6,2.4,92,11.38419958,14.8,0.995081827,0.769508197,-0.104,11.7271174,2.514059455,2.0875008,13.23297252,9.218080204,1.000000019,1.000000019,31.06907653
mp-1357964,Zn(SnO2)2,Zn,-1.747335608,0.134047162,1.0097,42,Materials_Project,0.285714286,0.571428571,0.142857143,0.955699891,23.14285714,18.54283513,4.285714286,52.4038,45.13991091,9.344142857,2.761428571,0.789365542,0.235714286,0.95,0.405321742,0.192857143,3.142857143,1.355261854,0.571428571,14.85714286,1.456862718,1.714285714,92.28571429,10.29166495,10.85714286,1.064084617,0.704198867,-0.088571429,11.22203614,2.83811361,1.342028143,14.49625401,6.002830599,1,2.686432371,10.79293238
mp-1363159,Ca(SnO2)2,Ca,-2.279134528,0.111176906,1.3809,56,Materials_Project,0.285714286,0.571428571,0.142857143,0.955699891,21.71428571,18.34365819,2.857142857,48.78508571,44.96729823,5.725428571,2.668571429,0.938744276,0.142857143,1.014285714,0.490418397,0.257142857,3.142857143,1.355261854,0.571428571,13.42857143,4.746642207,0.285714286,83.71428571,28.73879551,2.285714286,1.156163331,0.486446595,0.003507286,10.75331592,3.329650289,0.873307924,16.14740102,5.016877985,1,3.666877906,18.51810326
mp-1364306,Mg(SnO2)2,Mg,-2.117192632,0.132400191,1.2085,56,Materials_Project,0.285714286,0.571428571,0.142857143,0.955699891,20.57142857,18.66132091,1.714285714,46.5318,45.73577148,3.472142857,2.712857143,0.863261495,0.187142857,0.971428571,0.429166254,0.214285714,3,1.309307341,0.428571429,13.42857143,4.746642207,0.285714286,91.85714286,10.99907232,10.42857143,1.092656045,0.636050782,-0.06,10.97232743,3.056447323,1.092319429,14.54733513,5.311479459,1,3.715095631,15.25490588
mp-1369243,ZnSnO2,Zn,-1.609874097,0.10042666,1.5469,16,Materials_Project,0.25,0.5,0.25,1.039720771,24,17.49285568,7.5,54.02945,42.44301212,16.35225,2.6225,0.824814373,0.4125,1,0.40155946,0.3375,3.25,1.299038106,1,14.5,1.658312395,3,90.25,11.03120574,19,0.85357404,0.862619244,-0.155,10.99355625,2.722764989,2.34854925,16.11727919,5.566573082,2.484093882,2.748234913,5.4777581
mp-1369593,Zn2Sn9O13,Zn,-1.62091118,0.156861091,0,24,Materials_Project,0.375,0.541666667,0.083333333,0.90698478,25.58333333,19.81564337,2.5,58.63334167,48.39255786,5.45075,2.735833333,0.769777656,0.1375,0.98125,0.415284165,0.1125,3.291666667,1.428261375,0.333333333,14.91666667,1.288302069,1,92.16666667,9.775252199,6.333333333,1.156795855,0.56035429,-0.051666667,10.91326546,2.988755549,0.78284975,16.02648246,6.075129378,2.476595588,5.028348724,9.304438102
mp-1369693,SnP2O7,P,-2.415976258,0.110565338,2.1621,20,Materials_Project,0.1,0.7,0.2,0.801818553,13.6,12.44347218,3,29.2653324,30.39421123,6.1947524,3.042,0.61084859,0.438,0.765,0.277533782,0.2,2.5,0.921954446,0.6,15.6,0.663324958,3,97,6.371812929,18,1.283307927,0.287526704,0.149321822,12.3643675,2.079865747,2.0973372,13.53433154,3.590589428,1.009691094,1.086264978,10.24435042
mp-1374018,Ca3Sn2O7,Ca,-2.770713553,0.035545837,2.5854,24,Materials_Project,0.166666667,0.583333333,0.25,0.959614794,18,15.16575089,5,39.13748333,36.98402902,10.0195,2.583333333,1.058106275,0.25,1.041666667,0.534179017,0.45,3,1.224744871,1,12.16666667,5.913731666,0.5,76.75,35.66773752,4,1.043798688,0.601732088,0.00613775,10.69614062,3.479093957,1.528288867,13.56459873,4.791097869,1.790299121,1.790299121,19.45120849
mp-1374431,Mg3Sn2O7,Mg,-2.525893466,0.067664686,2.2473,24,Materials_Project,0.166666667,0.583333333,0.25,0.959614794,16,15.29705854,3,35.19423333,37.51064755,6.07625,2.660833333,0.944558612,0.3275,0.966666667,0.434133876,0.375,2.75,1.089724736,0.75,12.16666667,5.913731666,0.5,91,12.24744871,18.25,0.932660938,0.791005748,-0.105,11.07941075,3.00528536,1.911559,11.51262443,5.076288184,1.767385904,1.767385904,19.16047422
mp-1375641,Cu3(SnO3)4,Cu,-1.597511135,0.056949993,0,19,Materials_Project,0.210526316,0.631578947,0.157894737,0.90970771,20.15789474,17.12266321,4.578947368,45.13004211,41.58479925,10.03357895,2.885263158,0.726544586,0.3,0.897368421,0.390503617,0.213157895,2.947368421,1.276247963,0.631578947,14.78947368,1.823211376,1.736842105,92.63157895,11.44419194,11.36842105,1.352052029,0.147550414,0.19512379,11.36691958,2.949666175,1.219954737,12.00265559,6.24363479,1,1,19.47122063
mp-1376465,YSnO3,Y,-2.795236929,0.178568194,0,30,Materials_Project,0.2,0.6,0.2,0.950270539,22.6,18.21647606,7.8,51.12281,44.03759338,17.78117,2.7,0.936034187,0.244,1.01,0.514198405,0.36,3.2,1.469693846,1,13,5.059644256,0.6,82.2,29.43739119,5,1.161340267,0.44600455,0.06225844,10.8830686,3.368554844,1.243452,14.99673587,5.660660024,1,1.956775432,9.999999796
mp-1377677,Ca2Sn2O5,Ca,-2.441735781,0.177591326,1.159438496,18,Materials_Project,0.222222222,0.555555556,0.222222222,0.99502699,20,16.73320053,4.444444444,44.17477778,40.97943311,8.906222222,2.568888889,1.025155213,0.222222222,1.055555556,0.522517647,0.4,3.111111111,1.2862041,0.888888889,12.44444444,5.639367796,0.444444444,78.11111111,33.9654872,3.555555556,1.064311922,0.572909015,0.005455778,10.55604688,3.44792338,1.358478993,13.67695618,5.363323777,1.337515798,2.53163396,0
mp-1377713,Zn3Sn2O7,Zn,-1.885603692,0.063586866,0.9879,24,Materials_Project,0.166666667,0.583333333,0.25,0.959614794,20.5,16.08570794,7.5,45.47023333,38.7303716,16.35225,2.745833333,0.827178521,0.4125,0.929166667,0.390756922,0.3375,3,1.224744871,1,14.66666667,1.699673171,3,91.75,11.16635572,19,0.882660938,0.876616329,-0.155,11.516401,2.569843137,2.34854925,11.61849707,6.49869758,1.839053845,1.839053845,19.40035548
mp-1378846,Mg(SnO2)2,Mg,-2.08455601,0.165036813,1.0217,28,Materials_Project,0.285714286,0.571428571,0.142857143,0.955699891,20.57142857,18.66132091,1.714285714,46.5318,45.73577148,3.472142857,2.712857143,0.863261495,0.187142857,0.971428571,0.429166254,0.214285714,3,1.309307341,0.428571429,13.42857143,4.746642207,0.285714286,91.85714286,10.99907232,10.42857143,1.092656045,0.636050782,-0.06,10.97232743,3.056447323,1.092319429,13.29315788,5.81260468,2.606806754,4.955744084,0
mp-1379010,CaSnO2,Ca,-2.327607082,0.197685098,0,16,Materials_Project,0.25,0.5,0.25,1.039720771,21.5,17.16828471,5,47.6967,42.16150798,10.0195,2.46,1.037111373,0.25,1.1125,0.527227418,0.45,3.25,1.299038106,1,12,5.830951895,0.5,75.25,34.98839093,4,1.014711789,0.5891615,0.00613775,10.17329587,3.472133715,1.528288867,16.86686142,4.695730388,2.703161233,2.743080699,8.752325792
mp-1380234,ZnSn3O7,Zn,-1.812001574,0.237919905,0.5793,44,Materials_Project,0.272727273,0.636363636,0.090909091,0.859967281,21.45454545,18.54901927,2.727272727,48.50316364,45.19480006,5.946272727,2.873636364,0.75358866,0.15,0.9,0.397720779,0.122727273,3,1.348399725,0.363636364,15.09090909,1.311109555,1.090909091,93.81818182,9.674880143,6.909090909,1.176727405,0.588286967,-0.056363636,11.52293964,2.822809198,0.854017909,12.85248749,6.266599996,1.956276489,1.98280639,0
mp-1386610,Ca2Sn3O8,Ca,-2.554531389,0.004545263,2.43453819,13,Materials_Project,0.230769231,0.615384615,0.153846154,0.925129084,19.53846154,17.20740174,3.076923077,43.40624615,42.10171037,6.165846154,2.723076923,0.952594713,0.153846154,0.980769231,0.493238303,0.276923077,3,1.300887271,0.615384615,13.38461538,4.923076923,0.307692308,83.76923077,29.82294895,2.461538462,1.15955511,0.504649939,0.003777077,11.0155773,3.313072558,0.940485457,13.93251275,5.173350188,1.220863022,1.220863022,22.52572287
mp-1390005,MgSnO2,Mg,-2.157722492,0.176283294,0.0443,16,Materials_Project,0.25,0.5,0.25,1.039720771,19.5,17.68473918,3,43.75345,43.40881586,6.07625,2.5375,0.931299495,0.3275,1.0375,0.437856997,0.375,3,1.224744871,0.75,12,5.830951895,0.5,89.5,12.03120942,18.25,0.90357404,0.777338122,-0.105,10.556566,3.063354276,1.911559,15.55481977,4.670855343,2.746148995,2.826425194,4.582821203
mp-1392223,CaSn2O5,Ca,-2.274218854,0.200183802,0.5842,16,Materials_Project,0.25,0.625,0.125,0.900256051,20,17.74823935,2.5,44.686875,43.43809375,5.00975,2.765,0.91442605,0.125,0.9625,0.47876795,0.225,3,1.322875656,0.5,13.75,4.52078533,0.25,85.875,27.48380205,2,1.194282037,0.466071619,0.003068875,11.11140831,3.255512365,0.764144434,15.43795602,4.8066144,1.514054353,3.44664919,0
mp-1394022,YSnO3,Y,-2.783438231,0.190366892,0,10,Materials_Project,0.2,0.6,0.2,0.950270539,22.6,18.21647606,7.8,51.12281,44.03759338,17.78117,2.7,0.936034187,0.244,1.01,0.514198405,0.36,3.2,1.469693846,1,13,5.059644256,0.6,82.2,29.43739119,5,1.161340267,0.44600455,0.06225844,10.8830686,3.368554844,1.243452,15.16336779,5.598454404,1,3.427239207,10.00000299
mp-1397656,Zn2Sn3O8,Zn,-1.926964996,0.083106888,1.337091675,13,Materials_Project,0.230769231,0.615384615,0.153846154,0.925129084,21.07692308,17.62193362,4.615384615,47.30332308,42.7801683,10.06292308,2.823076923,0.786016095,0.253846154,0.911538462,0.395237926,0.207692308,3,1.300887271,0.615384615,14.92307692,1.491593802,1.846153846,93,10.34036155,11.69230769,1.060393418,0.730651179,-0.095384615,11.52035292,2.725544914,1.445261077,12.97639052,6.053225343,1.087280895,1.087280895,15.09915922
mp-1401498,Mg2Sn3O8,Mg,-2.310557844,0.096047944,2.1153,13,Materials_Project,0.230769231,0.615384615,0.153846154,0.925129084,18.30769231,17.41522153,1.846153846,40.97963077,42.67426982,3.739230769,2.770769231,0.869247787,0.201538462,0.934615385,0.423531225,0.230769231,2.846153846,1.230769231,0.461538462,13.38461538,4.923076923,0.307692308,92.53846154,11.12595983,11.23076923,1.091162649,0.660037438,-0.064615385,11.25143585,2.994971539,1.176344,12.82865321,5.30439764,1.18270258,1.18270258,21.92737212
mp-14628,ZnSnO3,Zn,-1.925918268,0.05493058,1.3215,10,Materials_Project,0.2,0.6,0.2,0.950270539,20.8,16.90443729,6,46.42344,40.89661325,13.0818,2.786,0.806959726,0.33,0.92,0.393192065,0.27,3,1.264911064,0.8,14.8,1.6,2.4,92.4,10.76289924,15.2,0.975081827,0.808916645,-0.124,11.518456,2.651949913,1.8788394,11.93966291,6.456458301,1,1.000000003,33.5582401
mp-14988,K4SnO3,K,-1.581512153,0,2.1095,64,Materials_Project,0.125,0.375,0.5,0.974314753,18.75,12.86225097,9.5,40.387675,31.4749909,19.54915,1.945,1.212837582,0.41,1.50625,0.740961158,1.1,3.375,1.111024302,2,8.25,7.275816105,0.5,53.25,43.59974197,5,0.937655707,0.449098093,0.250729565,8.19509224,4.30663078,2.170331865,21.44992007,3.12659963,1.732567004,2.91367455,0
mp-15170,Lu2Sn2O7,Lu,-3.025703954,0,2.6183,22,Materials_Project,0.181818182,0.636363636,0.181818182,0.907535294,27.09090909,26.03652869,12.90909091,63.57725455,65.18515986,31.81218182,2.776363636,0.902222234,0.230909091,0.963636364,0.489476023,0.318181818,3.272727273,1.710444338,1.090909091,13.27272727,4.900666172,0.545454546,83,30.46010804,3.636363636,1.175424659,0.46059463,0.043430909,10.98781482,3.527213039,0.986522,12.29270324,8.588226111,1,1,30
mp-17064,Gd2Sn2O7,Gd,-2.995185215,0,0,22,Materials_Project,0.181818182,0.636363636,0.181818182,0.907535294,25.81818182,23.94622074,11.63636364,60.35598182,59.81777544,28.59090909,2.763636364,0.923622047,0.218181818,0.972727273,0.504238236,0.327272727,3.272727273,1.710444338,1.090909091,13.27272727,4.900666172,0.545454546,84.27272727,27.83421998,4.909090909,1.17059375,0.470426672,0.0386,11.11943827,3.324910315,1.118145455,13.1142007,7.642361745,1,1,30
mp-17114,Nd2Sn2O7,Nd,-2.974757028,0,2.6738,22,Materials_Project,0.181818182,0.636363636,0.181818182,0.907535294,25.09090909,22.8093065,10.90909091,57.99089091,56.08040106,26.22581818,2.752727273,0.942193677,0.207272727,0.981818182,0.519297046,0.336363636,3.272727273,1.710444338,1.090909091,13.27272727,4.900666172,0.545454546,84.81818182,26.71335445,5.454545455,1.149719805,0.513097207,0.017726055,11.00583827,3.498885928,1.004545455,13.60606096,7.077444396,1,1,30
mp-17213,Cs4SnO4,Cs,-1.744003895,0,2.3406,36,Materials_Project,0.111111111,0.444444444,0.444444444,0.964962923,33.55555556,22.90614236,24.44444444,79.36993418,56.83811888,59.06908973,2.097777778,1.250171346,0.351111111,1.583333333,0.943986817,1.155555556,4.111111111,1.911627837,2.666666667,9.111111111,7.279261935,0.444444444,57.66666667,44.74619785,3.555555556,0.982546163,0.468704122,0.209599261,8.599084546,4.605437988,1.730624768,26.29844028,5.011585288,1.597699438,1.603767326,7.178919631
mp-17700,SnWO4,W,-2.020210413,0.051863852,0.9171,24,Materials_Project,0.166666667,0.666666667,0.166666667,0.867563229,26,26.38181192,12.33333333,61.09126667,66.48342616,30.64,3.013333333,0.614346989,0.393333333,0.866666667,0.378226857,0.225,3.166666667,1.67497927,1,14,3.651483717,1,90.33333333,17.11399687,9.166666667,1.295503823,0.249264699,0.13608347,11.61336133,2.839037942,1.310671667,14.31392615,7.087114593,1.115026161,2.390903994,0
mp-17730,K2SnO3,K,-1.953801067,0,2.1547,24,Materials_Project,0.166666667,0.5,0.333333333,1.011404265,18.66666667,14.85111294,6.333333333,40.81746667,36.33402243,13.03276667,2.32,1.182708755,0.273333333,1.275,0.719809002,0.733333333,3.166666667,1.213351648,1.333333333,10.66666667,6.871842709,0.333333333,67.66666667,41.27011294,3.333333333,1.083054566,0.429366374,0.167153043,9.479901743,4.257520765,1.44688791,17.47316535,3.879033743,1.21926557,1.79194452,0
mp-17743,Sr3Sn2O7,Sr,-2.720771853,0.002871354,2.1652,24,Materials_Project,0.166666667,0.583333333,0.25,0.959614794,22.5,17.57128339,9.5,51.02298333,42.59073556,21.905,2.570833333,1.076866274,0.2375,1.091666667,0.607190708,0.5,3.25,1.479019946,1.25,12.16666667,5.913731666,0.5,76.5,36.09362825,3.75,1.050677438,0.59008572,0.0130165,10.59156861,3.618757324,1.423716863,14.25963737,5.941641775,1.866082293,1.866082293,19.49756936
mp-17844,SnWO4,W,-1.940912165,0.1311621,3.837,24,Materials_Project,0.166666667,0.666666667,0.166666667,0.867563229,26,26.38181192,12.33333333,61.09126667,66.48342616,30.64,3.013333333,0.614346989,0.393333333,0.866666667,0.378226857,0.225,3.166666667,1.67497927,1,14,3.651483717,1,90.33333333,17.11399687,9.166666667,1.295503823,0.249264699,0.13608347,11.61336133,2.839037942,1.310671667,18.43943196,5.501494578,1,1,0
mp-17887,SnP2O7,P,-2.486021811,0.040519785,3.3218,40,Materials_Project,0.1,0.7,0.2,0.801818553,13.6,12.44347218,3,29.2653324,30.39421123,6.1947524,3.042,0.61084859,0.438,0.765,0.277533782,0.2,2.5,0.921954446,0.6,15.6,0.663324958,3,97,6.371812929,18,1.283307927,0.287526704,0.149321822,12.3643675,2.079865747,2.0973372,14.55630803,3.338499545,1,1,0
mp-18288,Ti(SnO2)2,Ti,-2.432151184,0.002559668,1.0775,28,Materials_Project,0.285714286,0.571428571,0.142857143,0.955699891,22,18.33030278,3.142857143,49.8978,44.83424708,6.838142857,2.745714286,0.812102336,0.22,0.957142857,0.412681624,0.2,3.142857143,1.355261854,0.571428571,13.71428571,4.060762972,0.571428571,88.71428571,17.28512396,7.285714286,1.163448188,0.469533211,0.010792143,10.85545371,3.193946203,0.975445714,15.42201641,5.372659711,1.43896427,1.43896427,0
mp-2014940,Ta2SnO6,Ta,-2.745629157,0,2.4398,18,Materials_Project,0.111111111,0.666666667,0.222222222,0.848685558,27.11111111,27.74264445,16.22222222,64.06690667,70.05640798,40.21064,2.844444444,0.851496867,0.333333333,0.883333333,0.400693843,0.322222222,3.222222222,1.749779528,1.333333333,13.33333333,4.496912521,1.111111111,88.11111111,20.0856192,11.55555556,1.170718504,0.462705499,0.073079829,11.57237667,2.893567437,1.677682444,13.00977624,8.177358274,1.613807317,1.613807317,20.37085549
mp-20569,MnSnO3,Mn,-2.083893313,0,0.9232,10,Materials_Project,0.2,0.6,0.2,0.950270539,19.8,16.47300823,5,44.329249,40.13174231,10.987609,2.766,0.83559799,0.31,0.93,0.404474968,0.28,3,1.264911064,0.8,13.8,3.487119155,1.4,89.2,16.17899873,12,0.995081827,0.769508197,-0.104,11.1264242,3.051745112,1.4868076,12.05550346,6.105962311,1.00000035,1.000000658,34.00043583
mp-20845,Dy2Sn2O7,Dy,-3.027287646,0,2.7155,22,Materials_Project,0.181818182,0.636363636,0.181818182,0.907535294,26.18181818,24.53130906,12,61.31052727,61.37789468,29.54545455,2.767272727,0.917477678,0.221818182,0.963636364,0.489476023,0.318181818,3.272727273,1.710444338,1.090909091,13.27272727,4.900666172,0.545454546,83.72727273,28.95793472,4.363636364,1.134775568,0.543804352,0.002781818,11.08112009,3.382675107,1.079827273,12.75890523,7.979409197,1,1,30
mp-2097,SnO,HOST,-1.629702402,0,0.4077,4,Materials_Project,0.5,0.5,0,0.693147181,29,21,0,67.3547,51.3553,0,2.7,0.74,0,1.025,0.425,0,3.5,1.5,0,15,1,0,92,9,0,1.286591589,0.17452139,0,10.4809865,3.1370685,0,17.76914813,6.294342861,1,1.281411602,0
mp-2205007,Ba3Sn2O7,Ba,-2.518166967,0,2.4833,24,Materials_Project,0.166666667,0.583333333,0.25,0.959614794,27,22.56102835,14,63.44973333,56.4518118,34.33175,2.555833333,1.099518518,0.2225,1.129166667,0.664096609,0.5375,3.5,1.802775638,1.5,12.16666667,5.913731666,0.5,76.25,36.51968647,3.5,1.073817438,0.55099165,0.0361565,10.4707679,3.784472616,1.30291615,15.63355648,6.73939811,1.908550617,1.908550617,19.87499013
mp-22467,Sn(PbO2)2,Pb,-1.779286491,0,2.0549,28,Materials_Project,0.142857143,0.571428571,0.285714286,0.955699891,35.14285714,32.86086935,23.42857143,85.30108571,84.55407461,59.2,2.911428571,0.620930835,0.665714286,1.064285714,0.546883564,0.514285714,3.571428571,1.840585532,1.714285714,15.14285714,0.989743319,4,93,9.242757783,23.42857143,1.095709217,0.482042366,0.101920343,10.94992826,3.080969215,2.1190514,17.59333476,8.05110499,1.384312266,1.384312266,0
mp-23372,Sn2Bi2O7,Bi,-1.924906653,0.011598118,2.7114,22,Materials_Project,0.181818182,0.636363636,0.181818182,0.907535294,29.27272727,29.84837717,15.09090909,69.76150909,76.15072334,37.99643636,2.912727273,0.697750814,0.367272727,0.936363636,0.447259793,0.290909091,3.272727273,1.710444338,1.090909091,15.45454545,0.78202957,2.727272727,95.18181818,7.790649195,15.81818182,1.303332319,0.214904737,0.171338569,11.32593209,3.032244725,1.324639273,13.61887383,8.505968452,1,1,30
mp-25908,Sn(PO3)4,P,-2.485675748,0.008955776,3.4667,68,Materials_Project,0.058823529,0.705882353,0.235294118,0.752974683,12.11764706,9.9166073,3.529411765,25.56457929,24.12104071,7.287944,3.058823529,0.592620128,0.515294118,0.744117647,0.243674296,0.235294118,2.411764706,0.771463356,0.705882353,15.64705882,0.588235294,3.529411765,97.35294118,5.850502004,21.17647059,1.272462493,0.302818222,0.175672732,12.51219541,1.843860242,2.467455529,15.12170544,2.807288027,1.131265804,1.585751527,0
mp-26172,Sn(PO3)3,P,-2.394810706,0.088055894,0.0021,26,Materials_Project,0.076923077,0.692307692,0.230769231,0.790267968,12.84615385,11.11372093,3.461538462,27.35583738,27.09750087,7.147791231,3.037692308,0.605984943,0.505384615,0.757692308,0.260063716,0.230769231,2.461538462,0.842650089,0.692307692,15.61538462,0.624926031,3.461538462,97.07692308,6.120099779,20.76923077,1.269378026,0.30070026,0.17229441,12.41280546,1.959141623,2.420004462,13.81940129,3.287077039,1.064663752,1.180878741,7.738746894
mp-26446,Sn4(PO4)3,P,-2.242944624,0.088842811,0,38,Materials_Project,0.210526316,0.631578947,0.157894737,0.90970771,17.94736842,16.73783512,2.368421053,39.98705716,40.99924116,4.890594,2.931052632,0.669940255,0.345789474,0.842105263,0.344606243,0.157894737,2.789473684,1.195559652,0.473684211,15.42105263,0.815364915,2.368421053,95.47368421,7.534960071,14.21052632,1.274813888,0.267486459,0.117885649,11.80275737,2.557391676,1.655792526,18.65737115,3.558918888,1.000000006,1.000000006,32.46802317
mp-2646915,Na2Sn3O7,Na,-2.063544755,0.023400918,1.6767,48,Materials_Project,0.25,0.583333333,0.166666667,0.959614794,19,17.93042108,1.833333333,42.84211155,43.87459271,3.831628213,2.651666667,0.988001631,0.155,1.0125,0.500468531,0.3,2.916666667,1.255543264,0.5,13,5.431390246,0.166666667,81.5,32.41527418,1.833333333,1.221654496,0.334816891,0.091321042,10.63635774,3.59622835,0.856512827,13.34141898,5.332341336,3.813857605,5.287838477,0
mp-2646944,Rb2Sn3O7,Rb,-2.051512689,0,1.4506,48,Materials_Project,0.25,0.583333333,0.166666667,0.959614794,23.33333333,18.60256852,6.166666667,53.25511667,45.31763652,14.24463333,2.633333333,1.020272295,0.136666667,1.104166667,0.66095207,0.391666667,3.25,1.479019946,0.833333333,13,5.431390246,0.166666667,81.16666667,33.14069335,1.5,1.211319489,0.355756074,0.080986035,10.47603293,3.850205132,0.696188017,15.48334663,5.71143977,4.141885204,5.385213631,0
mp-2654140,CaSn2O5,Ca,-2.404876614,0.069526042,1.5079,16,Materials_Project,0.25,0.625,0.125,0.900256051,20,17.74823935,2.5,44.686875,43.43809375,5.00975,2.765,0.91442605,0.125,0.9625,0.47876795,0.225,3,1.322875656,0.5,13.75,4.52078533,0.25,85.875,27.48380205,2,1.194282037,0.466071619,0.003068875,11.11140831,3.255512365,0.764144434,14.83087064,5.003367873,1.453144693,2.715153028,6.70914279
mp-26762,Sn(PO3)3,P,-2.422285304,0.060581296,0,52,Materials_Project,0.076923077,0.692307692,0.230769231,0.790267968,12.84615385,11.11372093,3.461538462,27.35583738,27.09750087,7.147791231,3.037692308,0.605984943,0.505384615,0.757692308,0.260063716,0.230769231,2.461538462,0.842650089,0.692307692,15.61538462,0.624926031,3.461538462,97.07692308,6.120099779,20.76923077,1.269378026,0.30070026,0.17229441,12.41280546,1.959141623,2.420004462,13.85774152,3.27798268,1.011294656,1.028195565,0
mp-26944,Sn2P3O10,P,-2.361728838,0.078518083,0,30,Materials_Project,0.133333333,0.666666667,0.2,0.860851391,15,14,3,32.68901907,34.24760672,6.1947524,2.992666667,0.635960865,0.438,0.793333333,0.301588388,0.2,2.6,1.019803903,0.6,15.53333333,0.718021974,3,96.4,6.8,18,1.271673168,0.287158195,0.149321822,12.1552296,2.251638416,2.0973372,14.98035549,3.623505013,1.822277777,1.831850174,4.091049826
mp-26950,Sn2(PO3)5,P,-2.425336844,0.036432395,0,44,Materials_Project,0.090909091,0.681818182,0.227272727,0.815849865,13.40909091,11.92651397,3.409090909,28.73999136,29.11497084,7.039491364,3.021363636,0.615617173,0.497727273,0.768181818,0.271588532,0.227272727,2.5,0.891882585,0.681818182,15.59090909,0.650810048,3.409090909,96.86363636,6.312292874,20.45454545,1.266994574,0.299031589,0.169683889,12.33600414,2.040460644,2.383337727,14.73505752,3.238798245,1.706519246,2.509177735,7.672251532
mp-27018,SnPO4,P,-2.353118186,0.055387509,2.4403,48,Materials_Project,0.166666667,0.666666667,0.166666667,0.867563229,16.16666667,15.34510418,2.5,35.61356033,37.56196471,5.162293667,2.985,0.646883555,0.365,0.808333333,0.321994651,0.166666667,2.666666667,1.105541597,0.5,15.5,0.763762616,2.5,96.16666667,7.127801593,15,1.283855204,0.271975712,0.124434852,12.05047067,2.395354638,1.747781,15.62745411,3.784218965,1.682398937,3.753926117,0
mp-27357,Sn5W8O23,W,-1.840291658,0.141020211,0.9464,72,Materials_Project,0.138888889,0.638888889,0.222222222,0.894655359,28.5,28.15581645,16.44444444,67.56267222,71.17960759,40.85333333,2.994444444,0.604071576,0.524444444,0.884722222,0.379842702,0.3,3.305555556,1.760988429,1.333333333,13.5,4.065436973,1.333333333,88.27777778,18.79806596,12.22222222,1.269387669,0.269260489,0.181444627,11.46797486,2.863913403,1.747562222,15.59521904,7.193900667,1,2.389832402,9.999999962
mp-27480,Sn2OF2,F,-2.204973317,0,2.6571,10,Materials_Project,0.4,0.2,0.4,1.054920168,25.2,20.25240726,3.6,58.28324128,49.35039327,7.59936128,3.064,0.922726395,1.592,0.9,0.450555213,0.2,3.2,1.469693846,0.8,15.6,1.356465997,6.8,94.2,9.152048951,40.8,2.097526605,1.072039788,1.36047593,12.6303062,4.534397979,6.969128,18.54691257,5.218205388,1.205259112,1.205259142,6.575549642
mp-2748904,Rb4SnO3,Rb,-1.420778263,0,2.084,16,Materials_Project,0.125,0.375,0.5,0.974314753,27.75,15.84100691,18.5,63.572425,38.31996882,42.7339,1.945,1.212837582,0.41,1.58125,0.81161009,1.175,3.875,1.452368755,2.5,8.25,7.275816105,0.5,52.75,44.09577644,4.5,0.929884247,0.456650042,0.242958105,8.113324425,4.379964731,2.08856405,25.70276212,4.107126494,1.47907033,1.47907033,22.42936147
mp-27493,Sn3(PO4)2,P,-2.296379007,0,3.4799,52,Materials_Project,0.230769231,0.615384615,0.153846154,0.925129084,18.76923077,17.28117627,2.307692308,42.00559415,42.3399042,4.765194154,2.906153846,0.678873937,0.336923077,0.857692308,0.353469699,0.153846154,2.846153846,1.230769231,0.461538462,15.38461538,0.835598499,2.307692308,95.15384615,7.694615039,13.84615385,1.270640973,0.265284976,0.11486294,11.68842815,2.620926905,1.613336308,16.95567513,4.11378076,2.292872697,3.387362693,1.286473767
mp-2755271,Ba4Sn3O10,Ba,-2.494593747,0,2.0785,34,Materials_Project,0.176470588,0.588235294,0.235294118,0.958691859,26.70588235,22.43884422,13.17647059,62.67247059,56.0973756,32.31223529,2.578823529,1.083935544,0.209411765,1.114705882,0.654119234,0.505882353,3.470588235,1.786144288,1.411764706,12.35294118,5.789861082,0.470588235,77.35294118,35.76219031,3.294117647,1.089755552,0.539805885,0.034029647,10.53288014,3.749139643,1.226274024,15.21149799,6.841540911,2.598461829,2.598461829,22.60452264
mp-27553,Ta2SnO7,Ta,-2.780080942,0.194757851,1.4912,20,Materials_Project,0.1,0.7,0.2,0.801818553,25.2,26.93622097,14.6,59.260156,68.00774909,36.189576,2.904,0.827323395,0.3,0.855,0.389518934,0.29,3.1,1.7,1.2,13.6,4.340506883,1,89.4,19.44325076,10.4,1.199757951,0.447522453,0.065771846,11.7769445,2.812843979,1.5099142,10.73969185,9.16262827,1.673497323,1.673497323,23.17343639
mp-27931,Rb2SnO2,Rb,-1.644154647,0,2.2252,20,Materials_Project,0.2,0.4,0.4,1.054920168,28,17.00588134,14.8,64.32888,41.28556979,34.18712,2.096,1.173671163,0.328,1.47,0.782687677,0.94,3.8,1.469693846,2,9.6,7.059745038,0.4,60.6,42.64082551,3.6,1.001225716,0.439628676,0.194366484,8.58685684,4.267604057,1.67085124,24.41951524,4.374395532,1.300390686,1.947900319,0
mp-28025,Sn2SO5,S,-1.810662711,0.074223232,3.5104,64,Materials_Project,0.25,0.625,0.125,0.900256051,19.5,17.79747173,2,43.68525,43.62480356,4.008125,2.9625,0.641906341,0.3225,0.8625,0.362930779,0.125,2.875,1.268611446,0.375,15.5,0.866025404,2,95.625,7.631145065,11.75,1.450851194,0.278896161,0.259638033,11.64226513,2.695238449,1.29500125,17.9630484,4.038349319,1.241834166,1.241834166,0
mp-28261,Na4SnO3,Na,-1.647477668,0,1.8842,16,Materials_Project,0.125,0.375,0.5,0.974314753,14.75,13.39542832,5.5,32.33340964,32.80725803,11.49488464,2,1.162002582,0.465,1.30625,0.558142847,0.9,2.875,0.927024811,1.5,8.25,7.275816105,0.5,53.75,43.10379914,5.5,0.960889267,0.42656781,0.273963125,8.594298855,3.953354004,2.56953848,16.43214768,3.267429853,1.011401387,1.517091282,15.25488226
mp-28456,Sn15Os3O14,Os,-1.445875924,0,1.5083,32,Materials_Project,0.46875,0.4375,0.09375,0.938754887,34.0625,24.10645336,7.125,80.4791125,60.27713337,17.8340625,2.63,0.717495645,0.20625,1.0640625,0.411406576,0.121875,3.78125,1.595587176,0.5625,14.3125,2.242173889,0.75,89,11.9687092,5.90625,1.261550576,0.176260083,0.101030741,10.19144469,3.037426049,0.791084063,17.16227617,7.786770766,1,1.811906949,20.80289225
mp-2879,SrSnO3,Sr,-2.637358638,0,1.7406,20,Materials_Project,0.2,0.6,0.2,0.950270539,22.4,18.03995565,7.6,50.86564,43.81941177,17.524,2.646,1.023554591,0.19,1.05,0.577927331,0.4,3.2,1.469693846,1,12.8,5.455272679,0.4,80.2,33.33706646,3,1.109495027,0.545723067,0.0104132,10.77859009,3.516500851,1.13897349,13.310875,6.345516909,1.002043498,1.414758259,0
mp-2883,Sm2Sn2O7,Sm,-2.999128692,0,2.7353,22,Materials_Project,0.181818182,0.636363636,0.181818182,0.907535294,25.45454545,23.37194758,11.27272727,59.10325455,57.8140525,27.33818182,2.758181818,0.932882319,0.212727273,0.981818182,0.519297046,0.336363636,3.272727273,1.710444338,1.090909091,13.27272727,4.900666172,0.545454546,84.45454545,27.46026431,5.090909091,1.161448296,0.489086592,0.029454545,11.02742191,3.465213736,1.026129091,13.28531365,7.387350103,1,1,30
mp-28932,Sn4OF6,F,-2.403058546,0.002899111,3.2029,44,Materials_Project,0.363636364,0.090909091,0.545454546,0.916464886,23.81818182,19.79356269,4.909090909,54.98452902,48.17920185,10.36276538,3.196363636,0.946681023,2.170909091,0.854545455,0.450986064,0.272727273,3.090909091,1.443137079,1.090909091,15.81818182,1.402477147,9.272727273,95,9.075441387,55.63636364,2.392412066,1.109062444,1.855194449,13.411877,4.708300191,9.503356364,19.13508262,4.771547648,2.172351188,3.236165988,0
mp-29241,Ca3SnO,Ca,-1.76736699,0,0,5,Materials_Project,0.2,0.2,0.6,0.950270539,23.6,13.99428455,12,50.98868,35.12137728,24.0468,1.68,0.955321935,0.6,1.49,0.465188134,1.08,3.8,0.979795897,2.4,7.2,6.4,1.2,46.4,37.66483771,9.6,0.529367236,0.628046363,0.0147306,7.860287882,2.918079335,3.667893282,22.48657281,3.76530011,1,1,0
mp-29243,Ba3SnO,Ba,-1.531505142,0,0,5,Materials_Project,0.2,0.2,0.6,0.950270539,45.2,18.74459922,33.6,109.33808,47.22304733,82.3962,1.614,1.002648493,0.534,1.7,0.613188389,1.29,5,1.549193338,3.6,7.2,6.4,1.2,45.2,38.63366408,8.4,0.601412236,0.570231167,0.0867756,7.31939336,3.255804094,3.12699876,33.31342254,5.45006005,1,1,0
mp-29590,Sn2OF5,F,-2.634991809,0,1.9108,16,Materials_Project,0.25,0.125,0.625,0.900256051,19.125,17.82861113,5.625,43.551427,43.40361631,11.874002,3.4075,0.853694178,2.4875,0.75,0.405431869,0.3125,2.75,1.299038106,1.25,16.125,1.268611446,10.625,97.125,8.161456671,63.75,2.586400312,1.056703594,2.12574364,14.42749888,4.270087508,10.8892625,14.30980064,5.053798285,1.000000124,1.444949228,15.24550615
mp-30989,Sn(NO3)4,N,-0.947582148,0,3.6378,68,Materials_Project,0.058823529,0.705882353,0.235294118,0.752974683,10.23529412,9.950048252,1.647058824,21.57232941,24.29884111,3.295694118,3.258823529,0.365607993,0.715294118,0.661764706,0.198175065,0.152941177,2.176470588,0.705882353,0.470588235,15.64705882,0.588235294,3.529411765,99.70588235,4.197544182,23.52941176,1.080319173,0.643245082,-0.016470588,13.46453518,1.577803891,3.419795294,13.20572632,2.712588076,1.302797644,1.766172579,11.27333084
mp-31004,Sn(SO2)2,S,-1.475204241,0.11801016,2.689,28,Materials_Project,0.142857143,0.571428571,0.285714286,0.955699891,16.28571429,14.1997413,4.571428571,35.26251429,34.78136068,9.161428571,2.982857143,0.561470373,0.737142857,0.835714286,0.305560709,0.285714286,2.714285714,1.030157507,0.857142857,15.71428571,0.699854212,4.571428571,96.42857143,6.275966468,26.85714286,1.587247234,0.331522985,0.59345836,11.79087971,2.30603317,2.960002857,19.94966354,2.935126322,1.043498015,1.513863734,10.01259782
mp-3163,BaSnO3,Ba,-2.587468272,0,0.373,5,Materials_Project,0.2,0.6,0.2,0.950270539,26,22.1269067,11.2,60.80704,55.19280906,27.4654,2.634,1.043524796,0.178,1.08,0.628171951,0.43,3.4,1.743559577,1.2,12.8,5.455272679,0.4,80,33.72832637,2.8,1.128007027,0.509935477,0.0289252,10.68194952,3.658650508,1.04233292,14.22725619,7.097114448,1,1,0
mp-3324,Nb2SnO6,Nb,-2.74615012,0,1.7522,18,Materials_Project,0.111111111,0.666666667,0.222222222,0.848685558,20,17.1464282,9.111111111,44.50212889,40.91615344,20.64586222,2.866666667,0.816714284,0.355555556,0.883333333,0.400693843,0.322222222,3,1.414213562,1.111111111,13.33333333,4.496912521,1.111111111,88.33333333,19.68643075,11.77777778,1.301506897,0.231851565,0.203868222,11.39666089,3.145558692,1.501966667,13.29437312,5.558556459,1.141844587,1.819911027,5.782930103
mp-3334,Tm2Sn2O7,Tm,-3.03294087,0,2.6576,22,Materials_Project,0.181818182,0.636363636,0.181818182,0.907535294,26.72727273,25.42758312,12.54545455,62.48038364,63.32581456,30.71531091,2.772727273,0.908306025,0.227272727,0.963636364,0.489476023,0.318181818,3.272727273,1.710444338,1.090909091,13.27272727,4.900666172,0.545454546,83.18181818,30.08417942,3.818181818,1.319124659,0.189486699,0.187130909,11.12571282,3.315545404,1.12442,12.45238778,8.331825167,1,1,30
mp-3359,Ba2SnO4,Ba,-2.725244696,0,2.4494,7,Materials_Project,0.142857143,0.571428571,0.285714286,0.955699891,27.71428571,22.83927873,16,65.33737143,57.25954995,39.23628571,2.5,1.134535777,0.254285714,1.164285714,0.68645793,0.614285714,3.571428571,1.840585532,1.714285714,11.71428571,6.180945044,0.571428571,73.57142857,38.16452033,4,1.035110588,0.57542041,0.041321714,10.31992389,3.864784457,1.489047029,16.65464785,6.514413199,1.000000059,1.754509484,11.03842526
mp-3370,Y2Sn2O7,Y,-3.005540767,0,2.754,22,Materials_Project,0.181818182,0.636363636,0.181818182,0.907535294,21.27272727,17.86866688,7.090909091,47.92977273,43.18522462,16.1647,2.767272727,0.917477678,0.221818182,0.972727273,0.504238236,0.327272727,3.090909091,1.443137079,0.909090909,13.27272727,4.900666172,0.545454546,83.90909091,28.58306729,4.545454545,1.188592332,0.433893036,0.056598582,11.13170373,3.306629076,1.130410909,12.79658177,6.219571876,1,1,30
mp-3376,Sr2SnO4,Sr,-2.779963078,0.005311964,2.578,7,Materials_Project,0.142857143,0.571428571,0.285714286,0.955699891,22.57142857,17.22835821,10.85714286,51.13537143,41.6905824,25.03428571,2.517142857,1.110272995,0.271428571,1.121428571,0.625560973,0.571428571,3.285714286,1.484614978,1.428571429,11.71428571,6.180945044,0.571428571,73.85714286,37.71861447,4.285714286,1.008664874,0.616405783,0.014876,10.45798184,3.684255313,1.627104986,14.90953735,5.695165446,1.00000036,1.707936967,11.34847758
mp-34022,Mg2SnO4,Mg,-2.662997602,0,2.5338,14,Materials_Project,0.142857143,0.571428571,0.285714286,0.955699891,15.14285714,14.33705062,3.428571429,33.04537143,35.15979307,6.944285714,2.62,0.967869531,0.374285714,0.978571429,0.437408883,0.428571429,2.714285714,1.030157507,0.857142857,11.71428571,6.180945044,0.571428571,90.42857143,12.59089402,20.85714286,0.873788874,0.826728122,-0.12,11.01551571,3.006601411,2.184638857,11.55800611,4.747629452,1.010781582,1.010781612,29.3541667
mp-3540,Li2SnO3,Li,-2.224686792,0,3.1273,24,Materials_Project,0.166666667,0.5,0.333333333,1.011404265,13.33333333,16.54958878,1,30.09836667,39.8348495,2.313666667,2.373333333,1.115566622,0.326666667,1.025,0.425,0.483333333,2.5,1.118033989,0.666666667,10.66666667,6.871842709,0.333333333,68.33333333,40.3388426,4,1.121917929,0.377055296,0.206016407,9.830252165,3.843293573,1.797238332,9.903040259,5.046885843,1,1.882021543,13.49265556
mp-35493,Zn2SnO4,Zn,-1.909593756,0.016983739,0.8251,14,Materials_Project,0.142857143,0.571428571,0.285714286,0.955699891,20.28571429,15.47084157,8.571428571,44.78937143,37.09071373,18.68828571,2.717142857,0.840148189,0.471428571,0.935714286,0.388875931,0.385714286,3,1.195228609,1.142857143,14.57142857,1.761261144,3.428571429,91.28571429,11.42321303,21.71428571,0.816646017,0.916244639,-0.177142857,11.51493314,2.509550247,2.684056286,11.63815214,6.390576451,1.000001282,1.000001973,20.07498512
mp-3593,Ta2Sn2O7,Ta,-2.659286476,0.07794989,1.4862,22,Materials_Project,0.181818182,0.636363636,0.181818182,0.907535294,27.45454545,26.65388812,13.27272727,64.66468727,67.05731929,32.89961455,2.818181818,0.834198779,0.272727273,0.909090909,0.408888839,0.263636364,3.272727273,1.710444338,1.090909091,13.63636364,4.140108195,0.909090909,88.81818182,18.62948875,9.454545455,1.191786338,0.427439904,0.059792587,11.37394209,2.969329831,1.372649273,14.03257135,7.652071511,1,1,30
mp-36028,Co2SnO4,Co,-1.637988171,0,0,14,Materials_Project,0.142857143,0.571428571,0.285714286,0.955699891,19.42857143,14.98434557,7.714285714,42.93914143,36.16596897,16.83805571,2.782857143,0.75920474,0.537142857,0.935714286,0.388875931,0.385714286,3,1.195228609,1.142857143,13.71428571,3.057276366,2.571428571,87.85714286,16.2694154,18.28571429,1.183004722,0.349850598,0.189215849,11.082594,2.932386361,2.251717143,11.56613681,6.164730971,1.000004417,1.000004514,20.40693389
mp-3688,Er2Sn2O7,Er,-3.030940987,0,2.6826,22,Materials_Project,0.181818182,0.636363636,0.181818182,0.907535294,26.54545455,25.12645703,12.36363636,62.1758,62.81503063,30.41072727,2.770909091,0.911357175,0.225454546,0.963636364,0.489476023,0.318181818,3.272727273,1.710444338,1.090909091,13.27272727,4.900666172,0.545454546,83.36363636,29.70850116,4,1.188721023,0.433632841,0.056727273,11.11178373,3.336371219,1.110490909,12.55227986,8.225226497,1,1,30
mp-36884,Mn2SnO4,Mn,-2.070504941,0,0,14,Materials_Project,0.142857143,0.571428571,0.285714286,0.955699891,18.85714286,14.72052572,7.142857143,41.79767,35.70323786,15.69658429,2.688571429,0.876851976,0.442857143,0.95,0.404439648,0.4,3,1.195228609,1.142857143,13.14285714,3.943478212,2,86.71428571,17.95800089,17.14285714,0.845217445,0.871464857,-0.148571429,10.95488771,3.07528646,2.124010857,12.59090239,5.512445556,1.01559527,1.015595365,29.58570832
mp-3884,Ho2Sn2O7,Ho,-3.027425838,0,2.7013,22,Materials_Project,0.181818182,0.636363636,0.181818182,0.907535294,26.36363636,24.82767051,12.18181818,61.75240364,62.10918671,29.98733091,2.769090909,0.914414413,0.223636364,0.963636364,0.489476023,0.318181818,3.272727273,1.710444338,1.090909091,13.27272727,4.900666172,0.545454546,83.54545455,29.33308289,4.181818182,1.193448296,0.424086081,0.061454545,11.096111,3.359960349,1.094818182,12.66431369,8.096947155,1,1,30
mp-4086,La2Sn2O7,La,-3.017273798,0,2.6645,22,Materials_Project,0.181818182,0.636363636,0.181818182,0.907535294,24.54545455,21.98910324,10.36363636,57.02061273,54.60652638,25.25554,2.745454545,0.954685704,0.2,1,0.550206573,0.354545455,3.272727273,1.710444338,1.090909091,13.27272727,4.900666172,0.545454546,85.36363636,25.59571245,6,1.233365787,0.344564409,0.101372036,11.01527464,3.484130462,1.013981818,14.0320811,6.747748559,1,1,30
mp-4190,CaSnO3,Ca,-2.679684276,0.014870771,2.9218,10,Materials_Project,0.2,0.6,0.2,0.950270539,18.8,16.27759196,4,41.35724,39.78478625,8.0156,2.656,1.007047169,0.2,1.01,0.514198405,0.36,3,1.264911064,0.8,12.8,5.455272679,0.4,80.4,32.94601645,3.2,1.103992027,0.556392723,0.0049102,10.86224769,3.397526821,1.222631094,13.45339094,5.10468424,1.000000013,1.000000024,35.41113285
mp-4287,Sr2SnO4,Sr,-2.785275042,0,2.6531,28,Materials_Project,0.142857143,0.571428571,0.285714286,0.955699891,22.57142857,17.22835821,10.85714286,51.13537143,41.6905824,25.03428571,2.517142857,1.110272995,0.271428571,1.121428571,0.625560973,0.571428571,3.285714286,1.484614978,1.428571429,11.71428571,6.180945044,0.571428571,73.85714286,37.71861447,4.285714286,1.008664874,0.616405783,0.014876,10.45798184,3.684255313,1.627104986,14.94234322,5.682661727,1,2.169557693,0
mp-4394,Pr2Sn2O7,Pr,-2.955287218,0,2.6409,22,Materials_Project,0.181818182,0.636363636,0.181818182,0.907535294,24.90909091,22.53262098,10.72727273,57.38464545,55.15511399,25.61957273,2.750909091,0.945308555,0.205454546,0.981818182,0.519297046,0.336363636,3.272727273,1.710444338,1.090909091,13.27272727,4.900666172,0.545454546,85,26.34042866,5.636363636,1.151854587,0.508720654,0.019860836,10.99587464,3.51452239,0.994581818,13.80262879,6.903717185,1,1,30
mp-4438,CaSnO3,Ca,-2.694555047,0,2.3327,20,Materials_Project,0.2,0.6,0.2,0.950270539,18.8,16.27759196,4,41.35724,39.78478625,8.0156,2.656,1.007047169,0.2,1.01,0.514198405,0.36,3,1.264911064,0.8,12.8,5.455272679,0.4,80.4,32.94601645,3.2,1.103992027,0.556392723,0.0049102,10.86224769,3.397526821,1.222631094,12.44028561,5.520396787,1.031189161,1.431408261,0
mp-4527,Li8SnO6,Li,-2.143005662,0,3.8134,15,Materials_Project,0.066666667,0.4,0.533333333,0.882310925,8.133333333,11.44183357,1.6,18.01562667,27.25793669,3.701866667,2.029333333,1.176250918,0.522666667,1.11,0.416413256,0.773333333,2.2,0.748331477,1.066666667,7.866666667,7.356327586,0.533333333,52.33333333,43.33230768,6.4,0.988209456,0.404418656,0.329626251,8.812397865,3.952476409,2.875581331,8.664887551,3.452514728,1.000000026,1.000000196,35.77874172
mp-4747,Ca2SnO4,Ca,-2.886048206,0,2.7198,14,Materials_Project,0.142857143,0.571428571,0.285714286,0.955699891,17.42857143,14.29142743,5.714285714,37.55194286,34.75925485,11.45085714,2.531428571,1.090156327,0.285714286,1.064285714,0.546883564,0.514285714,3,1.195228609,1.142857143,11.71428571,6.180945044,0.571428571,74.14285714,37.27284945,4.571428571,1.000803445,0.628610421,0.007014571,10.57749271,3.531424147,1.746615849,13.10594378,4.757876975,1.758794453,2.971628082,0
mp-4941,Sr2SnO4,Sr,-2.784467208,0.000807834,2.7108,14,Materials_Project,0.142857143,0.571428571,0.285714286,0.955699891,22.57142857,17.22835821,10.85714286,51.13537143,41.6905824,25.03428571,2.517142857,1.110272995,0.271428571,1.121428571,0.625560973,0.571428571,3.285714286,1.484614978,1.428571429,11.71428571,6.180945044,0.571428571,73.85714286,37.71861447,4.285714286,1.008664874,0.616405783,0.014876,10.45798184,3.684255313,1.627104986,14.93585842,5.685129006,1.015685028,1.206271419,8.162618162
mp-4991,Tb2Sn2O7,Tb,-3.0266762,0,2.7239,22,Materials_Project,0.181818182,0.636363636,0.181818182,0.907535294,26,24.23746161,11.81818182,60.66059091,60.31263049,28.89551818,2.745454545,0.954685704,0.2,0.963636364,0.489476023,0.318181818,3.272727273,1.710444338,1.090909091,13.27272727,4.900666172,0.545454546,84.09090909,28.20849178,4.727272727,1.15586975,0.500496425,0.023876,11.06743827,3.403533309,1.066145455,12.86487809,7.829789007,1,1,30
mp-504543,SnPbO3,Pb,-1.722439363,0.155305782,0,20,Materials_Project,0.2,0.6,0.2,0.950270539,31.2,30.16222803,16.4,74.78164,77.24037558,41.44,2.922,0.645117044,0.466,1.01,0.514198405,0.36,3.4,1.743559577,1.2,15.2,0.979795897,2.8,93.6,9.068627239,16.4,1.170426067,0.428723142,0.07134424,11.12295258,3.055950516,1.48333598,15.55786825,7.981674139,1,1,30
mp-505306,Eu2Sn2O7,Eu,-2.6704881,0.045035065,0,22,Materials_Project,0.181818182,0.636363636,0.181818182,0.907535294,25.63636364,23.65768269,11.45454545,59.39489091,58.27585237,27.62981818,2.763636364,0.923622047,0.218181818,0.981818182,0.519297046,0.336363636,3.272727273,1.710444338,1.090909091,13.27272727,4.900666172,0.545454546,82.63636364,31.2126802,3.272727273,1.153108296,0.50615165,0.021114545,11.03227191,3.457685654,1.030979091,13.27090374,7.431862864,1,1,30
mp-530571,Na4Sn3O8,Na,-2.062565315,0.012058559,2.3778,60,Materials_Project,0.2,0.533333333,0.266666667,1.009613758,17.2,16.44870816,2.933333333,38.40561847,40.26022331,6.130605141,2.474666667,1.089145639,0.248,1.09,0.537028863,0.48,2.866666667,1.146976702,0.8,11.6,6.437390776,0.266666667,73.4,38.24970588,2.933333333,1.147787962,0.385447281,0.146113667,10.10216679,3.831836905,1.370420523,13.6404772,4.675351815,1,1,0
mp-531245,Co2SnO4,Co,-1.618540473,0.019447698,0.0959,70,Materials_Project,0.142857143,0.571428571,0.285714286,0.955699891,19.42857143,14.98434557,7.714285714,42.93914143,36.16596897,16.83805571,2.782857143,0.75920474,0.537142857,0.935714286,0.388875931,0.385714286,3,1.195228609,1.142857143,13.71428571,3.057276366,2.571428571,87.85714286,16.2694154,18.28571429,1.183004722,0.349850598,0.189215849,11.082594,2.932386361,2.251717143,12.03647836,5.923835836,1.003715372,4.91087839,29.31253451
mp-540395,Sn4(PO4)3,P,-2.240459724,0.091327711,0.124547222,38,Materials_Project,0.210526316,0.631578947,0.157894737,0.90970771,17.94736842,16.73783512,2.368421053,39.98705716,40.99924116,4.890594,2.931052632,0.669940255,0.345789474,0.842105263,0.344606243,0.157894737,2.789473684,1.195559652,0.473684211,15.42105263,0.815364915,2.368421053,95.47368421,7.534960071,14.21052632,1.274813888,0.267486459,0.117885649,11.80275737,2.557391676,1.655792526,14.9556519,4.439797811,1.39604416,1.39604416,10.00000124
mp-540586,Tl2SnO3,Tl,-1.497404128,0,1.1428,24,Materials_Project,0.166666667,0.5,0.333333333,1.011404265,39.33333333,32.99326531,27,95.91246667,84.86250209,68.12776667,2.586666667,0.860826476,0.54,1.175,0.594243216,0.633333333,3.833333333,1.863389981,2,14.66666667,1.374368542,4.333333333,90.33333333,10.79608983,26,1.022585919,0.511864216,0.106684397,10.0691096,3.57276588,2.036095767,17.44758267,9.128278737,3.157207715,3.849688911,0
mp-540796,Cs2Sn2O3,Cs,-1.719397135,0,2.526750478,28,Materials_Project,0.285714286,0.428571429,0.285714286,1.078992208,33.42857143,22.10272862,15.71428571,78.74701483,54.60526202,37.97298626,2.26,1.113488726,0.225714286,1.414285714,0.828386679,0.742857143,4,1.772810521,1.714285714,11.14285714,6.468132242,0.285714286,69.28571429,39.47047463,2.285714286,1.078668002,0.410242271,0.134742382,9.047116065,4.167790938,1.112544494,27.43208275,4.766772385,1.466139582,2.273870565,0
mp-542769,Sn(CO2)2,C,-1.57747801,0.083752857,2.6214,14,Materials_Project,0.142857143,0.571428571,0.285714286,0.955699891,13.42857143,14.95571695,1.714285714,29.53271429,36.44806998,3.431628571,2.974285714,0.567748867,0.728571429,0.75,0.289087234,0.2,2.428571429,1.049781318,0.571428571,15.14285714,0.989743319,4,96.71428571,6.180945044,27.14285714,1.354395334,0.13164053,0.36060646,12.048102,2.178782707,3.217225143,15.19608087,3.22716273,1,1.411110898,31.04891243
mp-542967,SnSO4,S,-1.83456647,0.002477539,4.1233,24,Materials_Project,0.166666667,0.666666667,0.166666667,0.867563229,16.33333333,15.33695609,2.666666667,35.79543333,37.54169513,5.344166667,3.05,0.579856304,0.43,0.808333333,0.321994651,0.166666667,2.666666667,1.105541597,0.5,15.66666667,0.745355993,2.666666667,96.83333333,6.693695209,15.66666667,1.505604396,0.285598554,0.346184043,12.029358,2.409560934,1.726668333,14.22328134,4.179043784,1.339741663,1.656569467,0
mp-546973,SrSnO3,Sr,-2.589623864,0.047734774,0.9749,5,Materials_Project,0.2,0.6,0.2,0.950270539,22.4,18.03995565,7.6,50.86564,43.81941177,17.524,2.646,1.023554591,0.19,1.05,0.577927331,0.4,3.2,1.469693846,1,12.8,5.455272679,0.4,80.2,33.33706646,3,1.109495027,0.545723067,0.0104132,10.77859009,3.516500851,1.13897349,13.93461167,6.06148089,1,1,0
mp-554022,Sn2P2O7,P,-2.369121292,0,3.5193,44,Materials_Project,0.181818182,0.636363636,0.181818182,0.907535294,16.90909091,15.81974914,2.727272727,37.39666582,38.7428878,5.631593091,2.943636364,0.66027918,0.398181818,0.827272727,0.329850956,0.181818182,2.727272727,1.135454182,0.545454546,15.45454545,0.78202957,2.727272727,95.72727273,7.287485027,16.36363636,1.267740861,0.278530681,0.135747111,11.907963,2.452678919,1.906670182,15.33501516,4.049466135,2.179769645,2.204547905,9.79051602
mp-555682,Sn(SeO3)2,Se,-1.511390036,0.001496377,3.0796,18,Materials_Project,0.111111111,0.666666667,0.222222222,0.848685558,18.44444444,15.39921435,7.555555556,41.40293333,37.51960392,17.54666667,3.077777778,0.536838022,0.566666667,0.816666667,0.31710496,0.255555556,2.777777778,1.133115447,0.888888889,15.77777778,0.628539361,3.555555556,97.22222222,5.995883361,20.66666667,1.546661944,0.27528273,0.449023269,12.06189244,2.296294572,2.167198222,14.95642645,4.59676571,1.456483418,1.790212764,6.925816381
mp-556031,Sn2P2O7,P,-2.356596268,0.012525024,3.6155,22,Materials_Project,0.181818182,0.636363636,0.181818182,0.907535294,16.90909091,15.81974914,2.727272727,37.39666582,38.7428878,5.631593091,2.943636364,0.66027918,0.398181818,0.827272727,0.329850956,0.181818182,2.727272727,1.135454182,0.545454546,15.45454545,0.78202957,2.727272727,95.72727273,7.287485027,16.36363636,1.267740861,0.278530681,0.135747111,11.907963,2.452678919,1.906670182,15.21358352,4.081788125,1.418769161,1.861119901,8.26473281
mp-556100,Si(Sn3O4)2,Si,-1.948193162,0.010135028,1.8998,30,Materials_Project,0.4,0.533333333,0.066666667,0.882310925,25.2,20.30172406,0.933333333,57.88938,49.74690715,1.872366667,2.745333333,0.742768395,0.126666667,0.973333333,0.407785347,0.073333333,3.266666667,1.436043949,0.2,15.06666667,0.997775303,0.933333333,92.73333333,8.850360947,5.666666667,1.316723087,0.168004748,0.092634752,10.7439752,3.078581987,0.543445333,18.28590265,5.256922717,1.000000314,1.621328257,9.999991702
mp-556489,Ta2SnO6,Ta,-2.983355025,0,2.2854,18,Materials_Project,0.111111111,0.666666667,0.222222222,0.848685558,27.11111111,27.74264445,16.22222222,64.06690667,70.05640798,40.21064,2.844444444,0.851496867,0.333333333,0.883333333,0.400693843,0.322222222,3.222222222,1.749779528,1.333333333,13.33333333,4.496912521,1.111111111,88.11111111,20.0856192,11.55555556,1.170718504,0.462705499,0.073079829,11.57237667,2.893567437,1.677682444,13.39843682,7.940150242,1.611062987,1.611062987,20.40571252
mp-556524,Nb2Sn2O7,Nb,-2.456659464,0.086500162,0.8633,22,Materials_Project,0.181818182,0.636363636,0.181818182,0.907535294,21.63636364,18.24217255,7.454545455,48.65714182,43.89708288,16.89206909,2.836363636,0.805879223,0.290909091,0.909090909,0.408888839,0.263636364,3.090909091,1.443137079,0.909090909,13.63636364,4.140108195,0.909090909,89,18.27069188,9.636363636,1.298795023,0.222603561,0.166801273,11.23017464,3.163790559,1.228881818,14.15877175,5.706503806,1,1,30
mp-556672,Sn(SeO3)2,Se,-1.512886412,0,2.5822,36,Materials_Project,0.111111111,0.666666667,0.222222222,0.848685558,18.44444444,15.39921435,7.555555556,41.40293333,37.51960392,17.54666667,3.077777778,0.536838022,0.566666667,0.816666667,0.31710496,0.255555556,2.777777778,1.133115447,0.888888889,15.77777778,0.628539361,3.555555556,97.22222222,5.995883361,20.66666667,1.546661944,0.27528273,0.449023269,12.06189244,2.296294572,2.167198222,15.50810372,4.433242744,1,1,0
mp-556980,Sn3WO6,W,-1.858063745,0.038670059,2.1615,40,Materials_Project,0.3,0.6,0.1,0.897945725,27.2,24.41638794,7.4,63.59664,60.96219854,18.384,2.888,0.684876631,0.236,0.93,0.405092582,0.135,3.3,1.615549442,0.6,14.4,2.939387691,0.6,91,14.44991349,5.5,1.291938929,0.222445236,0.081650082,11.1604114,3.013354747,0.786403,17.79105433,5.935831754,1,1.822614497,21.49984874
mp-557003,Sn5(W4O11)2,W,-1.788975334,0.161659738,1.5501,70,Materials_Project,0.142857143,0.628571429,0.228571429,0.907186465,29.08571429,28.33813325,16.91428571,69.03590857,71.64607045,42.02057143,2.981714286,0.607860349,0.539428571,0.892857143,0.382126168,0.308571429,3.342857143,1.771889341,1.371428571,13.42857143,4.100771456,1.371428571,87.91428571,18.93956015,12.57142857,1.263909803,0.271094857,0.186628759,11.406544,2.881056718,1.797492571,14.67615705,7.8110927,1,2.401321723,10.00000115
mp-557633,Sn2WO5,W,-1.930938474,0.031548003,2.0682,64,Materials_Project,0.25,0.625,0.125,0.900256051,26.75,25.1781155,9.25,62.657125,63.10096601,22.98,2.935,0.662098935,0.295,0.90625,0.396419522,0.16875,3.25,1.639359631,0.75,14.25,3.230711996,0.75,90.75,15.50604721,6.875,1.293275764,0.232871186,0.102062603,11.33026763,2.957334638,0.98300375,16.91283606,6.151812947,1.331984543,1.72496522,7.999057139
mp-560715,Sn5(PO5)2,P,-2.145685458,0,2.6985,34,Materials_Project,0.294117647,0.588235294,0.117647059,0.923840706,21.17647059,18.73416286,1.764705882,47.97008965,45.90250208,3.643972,2.857647059,0.699230917,0.257647059,0.897058824,0.378258622,0.117647059,3,1.328422328,0.352941177,15.29411765,0.892102993,1.764705882,94.41176471,8.131701389,10.58823529,1.274394059,0.247041153,0.087836366,11.40432424,2.798367726,1.233727765,17.23276266,4.62237016,1.004253354,1.801558676,11.44442041
mp-561545,Sn4P2O9,P,-2.204915952,0.006070044,3.1616,60,Materials_Project,0.266666667,0.6,0.133333333,0.927617334,20.13333333,18.15807136,2,45.38547493,44.49210525,4.129834933,2.878666667,0.690901505,0.292,0.88,0.368239053,0.133333333,2.933333333,1.289271974,0.4,15.33333333,0.869226987,2,94.73333333,7.953755228,12,1.272767722,0.255113827,0.099547881,11.52743593,2.726533853,1.3982248,16.99070444,4.435622692,1.289370336,1.983699424,6.885595982
mp-5966,Cd2SnO4,Cd,-1.706836855,0,0.3998,14,Materials_Project,0.142857143,0.571428571,0.285714286,0.955699891,25.42857143,20.13424335,13.71428571,58.21851429,48.78917518,32.11742857,2.728571429,0.825701928,0.482857143,0.992857143,0.45468087,0.442857143,3.285714286,1.484614978,1.428571429,14.57142857,1.761261144,3.428571429,91,11.80798761,21.42857143,0.788074588,0.961061451,-0.205714286,11.40053971,2.610699837,2.569662857,12.80835155,7.547740783,1.74734764,3.110169871,0
mp-625541,Sn3(HO2)2,H,-1.498729433,0.014406499,2.3038,36,Materials_Project,0.333333333,0.444444444,0.222222222,1.060856947,20.44444444,21.0718934,0.222222222,46.90483111,51.1007488,0.223986667,2.671111111,0.693276351,0.488888889,0.805555556,0.475186773,0.055555556,2.777777778,1.617802198,0.222222222,12,5.944184833,0.222222222,95.44444444,8.833158629,22.88888889,1.187672544,0.277294681,0.167598931,11.52231591,2.954583149,3.021874355,15.83382985,4.919043921,1,1.145671315,0
mp-625789,Sn3(HO2)2,H,-1.441613121,0.071522812,2.2045,36,Materials_Project,0.333333333,0.444444444,0.222222222,1.060856947,20.44444444,21.0718934,0.222222222,46.90483111,51.1007488,0.223986667,2.671111111,0.693276351,0.488888889,0.805555556,0.475186773,0.055555556,2.777777778,1.617802198,0.222222222,12,5.944184833,0.222222222,95.44444444,8.833158629,22.88888889,1.187672544,0.277294681,0.167598931,11.52231591,2.954583149,3.021874355,18.73091975,4.158221034,1,1.149483928,2.648171397
mp-645709,SnSO4,S,-1.8302697,0.006774309,4.1677,24,Materials_Project,0.166666667,0.666666667,0.166666667,0.867563229,16.33333333,15.33695609,2.666666667,35.79543333,37.54169513,5.344166667,3.05,0.579856304,0.43,0.808333333,0.321994651,0.166666667,2.666666667,1.105541597,0.5,15.66666667,0.745355993,2.666666667,96.83333333,6.693695209,15.66666667,1.505604396,0.285598554,0.346184043,12.029358,2.409560934,1.726668333,14.46041009,4.110513815,1.378758256,1.702288057,0.178454815
mp-645740,SnSO4,S,-1.810432952,0.026611057,3.7253,24,Materials_Project,0.166666667,0.666666667,0.166666667,0.867563229,16.33333333,15.33695609,2.666666667,35.79543333,37.54169513,5.344166667,3.05,0.579856304,0.43,0.808333333,0.321994651,0.166666667,2.666666667,1.105541597,0.5,15.66666667,0.745355993,2.666666667,96.83333333,6.693695209,15.66666667,1.505604396,0.285598554,0.346184043,12.029358,2.409560934,1.726668333,16.67441736,3.564725181,1.435823474,2.067008606,5.287711234
mp-645774,SnSO4,S,-1.832290652,0.004753357,4.1081,24,Materials_Project,0.166666667,0.666666667,0.166666667,0.867563229,16.33333333,15.33695609,2.666666667,35.79543333,37.54169513,5.344166667,3.05,0.579856304,0.43,0.808333333,0.321994651,0.166666667,2.666666667,1.105541597,0.5,15.66666667,0.745355993,2.666666667,96.83333333,6.693695209,15.66666667,1.505604396,0.285598554,0.346184043,12.029358,2.409560934,1.726668333,15.07724239,3.942346611,1.328801615,1.675240187,0.788385302
mp-672972,Sn(PO3)3,P,-2.431499423,0.051367177,2.3452,52,Materials_Project,0.076923077,0.692307692,0.230769231,0.790267968,12.84615385,11.11372093,3.461538462,27.35583738,27.09750087,7.147791231,3.037692308,0.605984943,0.505384615,0.757692308,0.260063716,0.230769231,2.461538462,0.842650089,0.692307692,15.61538462,0.624926031,3.461538462,97.07692308,6.120099779,20.76923077,1.269378026,0.30070026,0.17229441,12.41280546,1.959141623,2.420004462,15.87058888,2.862240149,1.075789471,1.116167544,18.09092792
mp-673078,SnPO4,P,-2.235289159,0.173216536,0,36,Materials_Project,0.166666667,0.666666667,0.166666667,0.867563229,16.16666667,15.34510418,2.5,35.61356033,37.56196471,5.162293667,2.985,0.646883555,0.365,0.808333333,0.321994651,0.166666667,2.666666667,1.105541597,0.5,15.5,0.763762616,2.5,96.16666667,7.127801593,15,1.283855204,0.271975712,0.124434852,12.05047067,2.395354638,1.747781,15.80615479,3.741435474,1,1.193939368,9.365531733
mp-673117,Sn2P3O10,P,-2.277971357,0.162275564,0,30,Materials_Project,0.133333333,0.666666667,0.2,0.860851391,15,14,3,32.68901907,34.24760672,6.1947524,2.992666667,0.635960865,0.438,0.793333333,0.301588388,0.2,2.6,1.019803903,0.6,15.53333333,0.718021974,3,96.4,6.8,18,1.271673168,0.287158195,0.149321822,12.1552296,2.251638416,2.0973372,17.14582236,3.165867001,1,1.220575793,17.52746667
mp-673118,Sn3(P2O7)2,P,-2.378646249,0.065437093,2.2445,21,Materials_Project,0.142857143,0.666666667,0.190476191,0.864150203,15.33333333,14.40678852,2.857142857,33.52460229,35.25116756,5.89976419,2.99047619,0.639110067,0.417142857,0.797619048,0.307631579,0.190476191,2.619047619,1.045452305,0.571428571,15.52380952,0.73153769,2.857142857,96.33333333,6.896053622,17.14285714,1.27515375,0.282957019,0.142211259,12.12529848,2.294107459,1.997464,15.31155168,3.635745935,1.243280038,1.554427358,11.48183467
mp-673129,Sn(PO3)3,P,-2.423923231,0.058943369,0,26,Materials_Project,0.076923077,0.692307692,0.230769231,0.790267968,12.84615385,11.11372093,3.461538462,27.35583738,27.09750087,7.147791231,3.037692308,0.605984943,0.505384615,0.757692308,0.260063716,0.230769231,2.461538462,0.842650089,0.692307692,15.61538462,0.624926031,3.461538462,97.07692308,6.120099779,20.76923077,1.269378026,0.30070026,0.17229441,12.41280546,1.959141623,2.420004462,15.50871196,2.929027039,1,1.530760422,9.99999718
mp-673669,In4(SnO4)3,In,-2.008572321,0.03921778,0.8886,38,Materials_Project,0.157894737,0.631578947,0.210526316,0.90970771,23.26315789,19.98642198,10.31578947,53.02077895,48.48645899,24.17221053,2.856842105,0.765444849,0.374736842,0.934210526,0.438614035,0.32631579,3.105263158,1.447129167,1.052631579,15.05263158,1.276247963,2.736842105,93.52631579,9.858837452,16.63157895,1.179224755,0.429017316,0.080826526,10.97862299,3.487353208,1.218180147,12.68600822,6.940171664,1.004575459,2.000278418,9.362188467
mp-675857,Cd2SnO4,Cd,-1.678537811,0.028299044,0.2204,14,Materials_Project,0.142857143,0.571428571,0.285714286,0.955699891,25.42857143,20.13424335,13.71428571,58.21851429,48.78917518,32.11742857,2.728571429,0.825701928,0.482857143,0.992857143,0.45468087,0.442857143,3.285714286,1.484614978,1.428571429,14.57142857,1.761261144,3.428571429,91,11.80798761,21.42857143,0.788074588,0.961061451,-0.205714286,11.40053971,2.610699837,2.569662857,14.11514656,6.848963061,1.023823416,1.023823561,29.86082036
mp-676320,In4(SnO4)3,In,-2.008880134,0.038909967,0.8894,38,Materials_Project,0.157894737,0.631578947,0.210526316,0.90970771,23.26315789,19.98642198,10.31578947,53.02077895,48.48645899,24.17221053,2.856842105,0.765444849,0.374736842,0.934210526,0.438614035,0.32631579,3.105263158,1.447129167,1.052631579,15.05263158,1.276247963,2.736842105,93.52631579,9.858837452,16.63157895,1.179224755,0.429017316,0.080826526,10.97862299,3.487353208,1.218180147,12.69253133,6.936604881,1.006879906,2.013727824,9.479433839
mp-680202,Ag2SnO3,Ag,-1.199212698,0.012345233,0.1452,144,Materials_Project,0.166666667,0.5,0.333333333,1.011404265,28,20.02498439,15.66666667,63.74076667,47.87795532,35.95606667,2.69,0.750066664,0.643333333,1.075,0.477624329,0.533333333,3.5,1.5,1.666666667,14,2.236067977,3.666666667,88,13.60147051,23.66666667,1.350725856,0.127665661,0.434824333,10.55842517,3.060609656,2.525411333,15.38262482,6.880752434,2.244724267,5.195694656,0
mp-684053,Sn6P7O24,P,-2.312303061,0.085652946,0,74,Materials_Project,0.162162162,0.648648649,0.189189189,0.890776837,16.13513514,15.13749982,2.837837838,35.48816038,37.05853253,5.859900919,2.963513514,0.650975219,0.414324324,0.813513514,0.319130713,0.189189189,2.675675676,1.091838372,0.567567568,15.48648649,0.757721393,2.837837838,96,7.101579573,17.02702703,1.26933504,0.282066737,0.141250372,12.00820622,2.376332561,1.983967622,15.3741014,3.833035516,1.184600596,4.527765516,6.853491584
mp-684482,Sn(PO3)3,P,-2.357768669,0.125097931,0,52,Materials_Project,0.076923077,0.692307692,0.230769231,0.790267968,12.84615385,11.11372093,3.461538462,27.35583738,27.09750087,7.147791231,3.037692308,0.605984943,0.505384615,0.757692308,0.260063716,0.230769231,2.461538462,0.842650089,0.692307692,15.61538462,0.624926031,3.461538462,97.07692308,6.120099779,20.76923077,1.269378026,0.30070026,0.17229441,12.41280546,1.959141623,2.420004462,13.53234066,3.356805582,1.913688211,2.147100542,0
mp-684502,Sn2P3O10,P,-2.312732459,0.127514462,0.3406,60,Materials_Project,0.133333333,0.666666667,0.2,0.860851391,15,14,3,32.68901907,34.24760672,6.1947524,2.992666667,0.635960865,0.438,0.793333333,0.301588388,0.2,2.6,1.019803903,0.6,15.53333333,0.718021974,3,96.4,6.8,18,1.271673168,0.287158195,0.149321822,12.1552296,2.251638416,2.0973372,16.0824892,3.375186051,1.21599194,1.570679796,4.475060585
mp-685363,Cd18Sn19O56,Cd,-1.722289453,0.124159481,0,93,Materials_Project,0.204301075,0.602150538,0.193548387,0.947752967,24.32258065,20.09074108,9.290322581,55.6435957,48.81265803,21.75696774,2.798924731,0.793262574,0.327096774,0.957526882,0.440975595,0.3,3.193548387,1.468362152,0.967741936,14.8172043,1.585866586,2.322580645,92.29032258,11.00789613,14.51612903,0.967652265,0.83794123,-0.139354839,11.44122884,2.728085283,1.740739355,15.09801907,6.119899838,1.020986151,7.104132755,31.14516897
mp-685528,Sn(WO3)18,W,-2.154878651,0.019881951,0,146,Materials_Project,0.01369863,0.739726027,0.246575343,0.627009713,24.84931507,28.53676851,18.24657534,58.79174795,72.52220873,45.33041096,3.153424658,0.485268515,0.581917808,0.796575343,0.331593162,0.332876712,3.02739726,1.735784555,1.479452055,13.50684932,4.300759053,1.479452055,89.4109589,19.79610839,13.56164384,1.297386107,0.27806583,0.201328969,12.11330723,2.537477593,1.93907589,15.50249733,6.297436612,1.732444675,3.086591428,0
mp-690495,Fe5SnO8,Fe,-1.658565361,0.038262898,1.0352,14,Materials_Project,0.071428571,0.571428571,0.357142857,0.876005766,17.42857143,12.36189009,9.285714286,37.56644286,29.24759309,19.94464286,2.759285714,0.786660794,0.653571429,0.946428571,0.400207217,0.5,2.928571429,1.09962888,1.428571429,13,3.760699023,2.857142857,85.42857143,18.76438224,21.78571429,0.969082556,0.614423198,0.054727268,11.12862132,2.877778689,2.822310036,11.85386467,5.262464831,1.000000011,1.000000011,31.173886
mp-691106,MnSnO3,Mn,-2.061573716,0.022319597,0.2294,10,Materials_Project,0.2,0.6,0.2,0.950270539,19.8,16.47300823,5,44.329249,40.13174231,10.987609,2.766,0.83559799,0.31,0.93,0.404474968,0.28,3,1.264911064,0.8,13.8,3.487119155,1.4,89.2,16.17899873,12,0.995081827,0.769508197,-0.104,11.1264242,3.051745112,1.4868076,12.30427045,5.982512339,1.000238868,1.047265355,19.5064391
mp-7118,Rb4SnO4,Rb,-1.770764335,0,2.1626,18,Materials_Project,0.111111111,0.444444444,0.444444444,0.964962923,25.55555556,16.17344264,16.44444444,58.28653333,39.09971147,37.98568889,2.111111111,1.236234825,0.364444444,1.472222222,0.824995324,1.044444444,3.666666667,1.490711985,2.222222222,9.111111111,7.279261935,0.444444444,58.11111111,44.25292067,4,0.988909662,0.461769791,0.21596276,8.724961156,4.477200163,1.856501378,22.65366177,4.272468913,1.003273255,1.496954041,17.60192427
mp-7258,K4SnO4,K,-1.823757819,0,2.3423,18,Materials_Project,0.111111111,0.444444444,0.444444444,0.964962923,17.55555556,12.58845248,8.444444444,37.67786667,30.64872813,17.37702222,2.111111111,1.236234825,0.364444444,1.405555556,0.754410898,0.977777778,3.222222222,1.133115447,1.777777778,9.111111111,7.279261935,0.444444444,58.55555556,43.75972555,4.444444444,0.995817626,0.454248465,0.222870724,8.797643658,4.403501897,1.92918388,20.120171,3.109594324,1.000099808,1.502673004,17.04212816
mp-734280,Sn3SO7,S,-1.718869043,0.226724917,2.3151,44,Materials_Project,0.272727273,0.636363636,0.090909091,0.859967281,20.18181818,18.39870639,1.454545455,45.47189091,45.07730797,2.915,2.958181818,0.657624073,0.234545455,0.868181818,0.373723724,0.090909091,2.909090909,1.311109555,0.272727273,15.45454545,0.890723543,1.454545455,95.45454545,7.878205107,8.545454545,1.421918701,0.257265292,0.18882766,11.61074082,2.769752697,0.941819091,21.5027714,3.511540437,2.107837086,2.304365775,0
mp-741677,SnCl8O25,Cl,-0.350983729,0.145461938,0.0234,102,Materials_Project,0.029411765,0.735294118,0.235294118,0.670259702,11.35294118,7.726510334,4,23.59761765,18.48217646,8.341882353,3.330588235,0.266269889,0.743529412,0.719117647,0.21144277,0.235294118,2.323529412,0.628751716,0.705882353,16.17647059,0.567273574,4,100,3.077432085,23.29411765,1.957108733,0.920244757,0.850053007,13.28048109,1.069286133,3.051207765,17.35005413,2.258480907,2.170918543,2.170918543,10.00000066
mp-7502,K2Sn2O3,K,-1.736641653,0.005820713,1.2205,7,Materials_Project,0.285714286,0.428571429,0.285714286,1.078992208,23.14285714,17.58594058,5.428571429,51.94497143,43.29543745,11.17094286,2.268571429,1.102198175,0.234285714,1.3,0.669221296,0.628571429,3.428571429,1.293626448,1.142857143,11.14285714,6.468132242,0.285714286,69.85714286,38.58359596,2.857142857,1.087199657,0.397645667,0.143274037,9.174761209,4.011938429,1.240189637,21.20778964,4.06721567,1.000000037,1.000000202,28.35624843
mp-752504,VSnO4,V,-2.278321618,0.036653473,1.6557,24,Materials_Project,0.166666667,0.666666667,0.166666667,0.867563229,17.5,15.53222457,3.833333333,38.94151667,37.88661461,8.49025,2.891666667,0.781289888,0.271666667,0.866666667,0.378226857,0.225,2.833333333,1.213351648,0.666666667,13.83333333,4.017323598,0.833333333,90.16666667,17.45868138,9,1.247364019,0.34617671,0.087943667,11.42705417,3.103343815,1.1243645,10.98439792,5.886887039,1.006729664,1.192887825,16.58025444
mp-752538,KSnO2,K,-1.892573712,0.018283639,2.1921,16,Materials_Project,0.25,0.5,0.25,1.039720771,21.25,17.19556629,4.75,47.451775,42.20787533,9.774575,2.415,1.10139684,0.205,1.2125,0.667434454,0.55,3.25,1.299038106,1,11.75,6.259992013,0.25,73.75,37.53248593,2.5,1.133938822,0.391980438,0.125364783,9.730172933,4.030269097,1.085165933,17.44085118,4.517871596,1.00249899,1.120509672,14.85912511
mp-752613,CoSnO3,Co,-1.702570365,0.076265957,0.9832,20,Materials_Project,0.2,0.6,0.2,0.950270539,20.2,16.61806246,5.4,45.128279,40.37405144,11.786639,2.832,0.745074493,0.376,0.92,0.393192065,0.27,3,1.264911064,0.8,14.2,2.712931993,1.8,90,14.75127113,12.8,1.231532921,0.31510924,0.132451094,11.2158186,2.947025002,1.576202,11.42500881,6.559055799,1.00516115,1.447755871,0
mp-752692,K2SnO2,K,-1.684004726,0,1.5381,20,Materials_Project,0.2,0.4,0.4,1.054920168,20.8,15.40649214,7.6,45.78108,37.89945487,15.63932,2.096,1.173671163,0.328,1.41,0.715821207,0.88,3.4,1.2,1.6,9.6,7.059745038,0.4,61,42.15684998,4,1.007442884,0.432346876,0.200583652,8.652271092,4.200231507,1.736265492,21.79009758,3.488799056,1.041584453,1.508845384,19.60219489
mp-753048,TiSnO4,Ti,-2.759993029,0.0477757,1.8367,18,Materials_Project,0.166666667,0.666666667,0.166666667,0.867563229,17.33333333,15.47758235,3.666666667,38.4291,37.74136243,7.977833333,2.876666667,0.805846691,0.256666667,0.875,0.389176481,0.233333333,2.833333333,1.213351648,0.666666667,13.66666667,4.384315479,0.666666667,89.66666667,18.49924923,8.5,1.172011186,0.506647544,0.012590833,11.44070967,3.082829225,1.13802,11.75150641,5.430199299,1,1.309774268,17.99167053
mp-753246,Sn3(OF)2,F,-1.993572956,0.047037242,0,28,Materials_Project,0.428571429,0.285714286,0.285714286,1.078992208,26.28571429,20.54065158,2.571428571,60.87508663,50.09932897,5.4281152,2.96,0.889751169,1.137142857,0.935714286,0.446985367,0.142857143,3.285714286,1.484614978,0.571428571,15.42857143,1.293626448,4.857142857,93.57142857,9.162924406,29.14285714,1.865830887,0.98174137,0.971768521,12.01621486,4.294275522,4.977948571,21.27552716,4.751255223,1.689627664,2.078559337,0
mp-753564,Sn3(OF)2,F,-1.9833403,0.057269898,0,28,Materials_Project,0.428571429,0.285714286,0.285714286,1.078992208,26.28571429,20.54065158,2.571428571,60.87508663,50.09932897,5.4281152,2.96,0.889751169,1.137142857,0.935714286,0.446985367,0.142857143,3.285714286,1.484614978,0.571428571,15.42857143,1.293626448,4.857142857,93.57142857,9.162924406,29.14285714,1.865830887,0.98174137,0.971768521,12.01621486,4.294275522,4.977948571,21.07569046,4.796305948,1.20772278,2.769392798,0
mp-753683,Sn2OF2,F,-2.159964017,0.045009301,2.2466,20,Materials_Project,0.4,0.2,0.4,1.054920168,25.2,20.25240726,3.6,58.28324128,49.35039327,7.59936128,3.064,0.922726395,1.592,0.9,0.450555213,0.2,3.2,1.469693846,0.8,15.6,1.356465997,6.8,94.2,9.152048951,40.8,2.097526605,1.072039788,1.36047593,12.6303062,4.534397979,6.969128,18.25248585,5.302379076,1.424277774,1.424277774,0
mp-753706,Mn3SnO8,Mn,-1.83712052,0.056645924,1.3636,24,Materials_Project,0.083333333,0.666666667,0.25,0.823959217,15.75,12.61695288,6.25,34.29327792,30.38932097,13.73451125,2.844166667,0.848846849,0.3875,0.870833333,0.383220092,0.35,2.75,1.089724736,1,13.58333333,3.839668678,1.75,89.25,17.58372827,15,0.936747836,0.846401753,-0.13,11.549206,2.925881059,1.8585095,11.55234957,4.929328648,1,1.618625408,10.0000024
mp-753798,Rb2SnO3,Rb,-1.923212555,0,2.1213,12,Materials_Project,0.166666667,0.5,0.333333333,1.011404265,24.66666667,17.22078847,12.33333333,56.27396667,41.77108296,28.48926667,2.32,1.182708755,0.273333333,1.325,0.784617741,0.783333333,3.5,1.5,1.666666667,10.66666667,6.871842709,0.333333333,67.33333333,41.73594241,3,1.077873593,0.436389309,0.16197207,9.425389867,4.323508433,1.392376033,19.2255832,4.86045698,1.12787973,1.12787973,6.710154322
mp-753979,Sn2P2O7,P,-2.319788409,0.049332884,2.9406,22,Materials_Project,0.181818182,0.636363636,0.181818182,0.907535294,16.90909091,15.81974914,2.727272727,37.39666582,38.7428878,5.631593091,2.943636364,0.66027918,0.398181818,0.827272727,0.329850956,0.181818182,2.727272727,1.135454182,0.545454546,15.45454545,0.78202957,2.727272727,95.72727273,7.287485027,16.36363636,1.267740861,0.278530681,0.135747111,11.907963,2.452678919,1.906670182,15.13754627,4.102291311,1.02188104,1.022498999,14.97561682
mp-754246,TiSnO3,Ti,-2.754611474,0.002102759,1.1472,10,Materials_Project,0.2,0.6,0.2,0.950270539,19.2,16.32666531,4.4,42.91504,39.85662529,9.5734,2.764,0.83851297,0.308,0.93,0.404474968,0.28,3,1.264911064,0.8,13.2,4.664761516,0.8,87.4,19.48948434,10.2,1.114190827,0.536629218,0.015109,11.0052406,3.204185293,1.365624,15.67978331,4.544839624,1,1.000000081,50.89436153
mp-754329,CdSnO3,Cd,-1.837747832,0,0.9815,10,Materials_Project,0.2,0.6,0.2,0.950270539,24.4,20.0957707,9.6,55.82384,48.8154358,22.4822,2.794,0.795778864,0.338,0.96,0.442040722,0.31,3.2,1.469693846,1,14.8,1.6,2.4,92.2,11.070682,15,0.955081827,0.848380464,-0.144,11.4383806,2.720053013,1.798764,13.10406149,7.073964607,1.000000021,1.000000187,34.85152046
mp-754654,NiSnO3,Ni,-1.725544297,0.026179026,1.7891,20,Materials_Project,0.2,0.6,0.2,0.950270539,20.4,16.70449041,5.6,45.08032,40.35776368,11.73868,2.838,0.737465931,0.382,0.92,0.393192065,0.27,3,1.264911064,0.8,14.4,2.332380758,2,90.6,13.70547336,13.4,1.330514067,0.160584661,0.23143224,11.1675922,3.002650685,1.5279756,11.55334088,6.479306138,1.00002386,1.866627394,15.18129709
mp-754745,Na2SnO3,Na,-2.066247078,0.000162263,2.5064,12,Materials_Project,0.166666667,0.5,0.333333333,1.011404265,16,15.26433752,3.666666667,35.44795643,37.36691896,7.663256427,2.356666667,1.136436927,0.31,1.141666667,0.55408834,0.6,2.833333333,1.067187373,1,10.66666667,6.871842709,0.333333333,68,40.80441153,3.666666667,1.098543606,0.408434321,0.182642083,9.746039487,3.941148468,1.713025653,11.95942209,4.921869638,1.18384286,1.989483665,28.71991132
mp-754839,SnBiO4,Bi,-1.694535004,0.089088062,0,6,Materials_Project,0.166666667,0.666666667,0.166666667,0.867563229,27.5,29.17618892,13.83333333,65.28133333,74.4075265,34.83006667,2.956666667,0.683755967,0.336666667,0.908333333,0.438193894,0.266666667,3.166666667,1.67497927,1,15.5,0.763762616,2.5,95.66666667,7.630348762,14.5,1.316480708,0.210326073,0.157060355,11.51694233,2.971469857,1.214252667,16.09328611,6.735865105,1,1,44.74764527
mp-754848,Na2SnO3,Na,-2.06418106,0.00222828,2.3772,24,Materials_Project,0.166666667,0.5,0.333333333,1.011404265,16,15.26433752,3.666666667,35.44795643,37.36691896,7.663256427,2.356666667,1.136436927,0.31,1.141666667,0.55408834,0.6,2.833333333,1.067187373,1,10.66666667,6.871842709,0.333333333,68,40.80441153,3.666666667,1.098543606,0.408434321,0.182642083,9.746039487,3.941148468,1.713025653,11.84206825,4.970644929,1.794656303,1.883046945,30.00132026
mp-755027,In2Sn2O7,In,-1.963422192,0.092507714,0.2812,22,Materials_Project,0.181818182,0.636363636,0.181818182,0.907535294,23.09090909,19.96567302,8.909090909,52.64107273,48.48657934,20.876,2.869090909,0.757189235,0.323636364,0.927272727,0.433989755,0.281818182,3.090909091,1.443137079,0.909090909,15.09090909,1.2398347,2.363636364,93.72727273,9.696212092,14.36363636,1.201798478,0.407279353,0.069804727,11.05335749,3.425123907,1.052064673,12.73008849,6.866610381,1,1,30
mp-755448,Rb2SnO3,Rb,-1.87722307,0.045989485,2.0716,24,Materials_Project,0.166666667,0.5,0.333333333,1.011404265,24.66666667,17.22078847,12.33333333,56.27396667,41.77108296,28.48926667,2.32,1.182708755,0.273333333,1.325,0.784617741,0.783333333,3.5,1.5,1.666666667,10.66666667,6.871842709,0.333333333,67.33333333,41.73594241,3,1.077873593,0.436389309,0.16197207,9.425389867,4.323508433,1.392376033,22.3248683,4.185696365,1,1.933633812,12.75515094
mp-755486,Na2SnO3,Na,-2.045734867,0.020674474,2.2584,24,Materials_Project,0.166666667,0.5,0.333333333,1.011404265,16,15.26433752,3.666666667,35.44795643,37.36691896,7.663256427,2.356666667,1.136436927,0.31,1.141666667,0.55408834,0.6,2.833333333,1.067187373,1,10.66666667,6.871842709,0.333333333,68,40.80441153,3.666666667,1.098543606,0.408434321,0.182642083,9.746039487,3.941148468,1.713025653,12.05429194,4.883133473,1.000000409,1.995421983,10.0010383
mp-755619,Sn2P2O7,P,-2.310862875,0.058258417,2.7152,22,Materials_Project,0.181818182,0.636363636,0.181818182,0.907535294,16.90909091,15.81974914,2.727272727,37.39666582,38.7428878,5.631593091,2.943636364,0.66027918,0.398181818,0.827272727,0.329850956,0.181818182,2.727272727,1.135454182,0.545454546,15.45454545,0.78202957,2.727272727,95.72727273,7.287485027,16.36363636,1.267740861,0.278530681,0.135747111,11.907963,2.452678919,1.906670182,14.63412758,4.24341145,1,1.59013746,9.772227809
mp-755834,AgSnO3,Ag,-1.349847933,0.091669976,0,10,Materials_Project,0.2,0.6,0.2,0.950270539,24.2,19.86353443,9.4,54.91528,47.78517591,21.57364,2.842,0.732458873,0.386,0.97,0.45563143,0.32,3.2,1.469693846,1,14.6,1.959591794,2.2,91.4,12.35475617,14.2,1.359976427,0.138002851,0.2608946,11.1548634,3.017675655,1.5152468,13.45949134,6.775067907,2.009703903,2.009703903,6.727107393
mp-755856,Mg2SnO4,Mg,-2.592038881,0.070958721,2.6409,14,Materials_Project,0.142857143,0.571428571,0.285714286,0.955699891,15.14285714,14.33705062,3.428571429,33.04537143,35.15979307,6.944285714,2.62,0.967869531,0.374285714,0.978571429,0.437408883,0.428571429,2.714285714,1.030157507,0.857142857,11.71428571,6.180945044,0.571428571,90.42857143,12.59089402,20.85714286,0.873788874,0.826728122,-0.12,11.01551571,3.006601411,2.184638857,11.14885762,4.921861245,1.691834626,3.105884442,0
mp-756229,Na(SnO2)2,Na,-1.933845577,0.088210368,0,14,Materials_Project,0.285714286,0.571428571,0.142857143,0.955699891,20.42857143,18.73009147,1.571428571,46.3439099,45.82930285,3.284252754,2.658571429,0.956667259,0.132857143,1.014285714,0.490418397,0.257142857,3,1.309307341,0.428571429,13.28571429,5.09100848,0.142857143,83,30.42555317,1.571428571,1.230931224,0.317734445,0.078275179,10.61416185,3.534706301,0.734153851,15.05286764,5.11237292,1,1,30
mp-756570,Rb4SnO3,Rb,-1.521760654,0,1.4742,16,Materials_Project,0.125,0.375,0.5,0.974314753,27.75,15.84100691,18.5,63.572425,38.31996882,42.7339,1.945,1.212837582,0.41,1.58125,0.81161009,1.175,3.875,1.452368755,2.5,8.25,7.275816105,0.5,52.75,44.09577644,4.5,0.929884247,0.456650042,0.242958105,8.113324425,4.379964731,2.08856405,27.31377291,3.864881488,1.525424246,1.525424246,21.84425496
mp-756857,V4SnO12,V,-2.231770929,0.039591053,2.5109,17,Materials_Project,0.058823529,0.705882353,0.235294118,0.752974683,14,10.98662288,5.411764706,30.26287059,26.54039837,11.98623529,2.927058824,0.797863063,0.383529412,0.826470588,0.351516733,0.317647059,2.647058824,1.025623281,0.941176471,13.29411765,4.624292708,1.176470588,88.88235294,19.79864034,12.70588235,1.220945526,0.393071382,0.124155765,11.632078,3.079393517,1.587338118,15.65396382,3.210220713,1.156987532,1.156987532,12.66465886
mp-757076,SnP2O7,P,-2.524170882,0.002370713,3.8735,40,Materials_Project,0.1,0.7,0.2,0.801818553,13.6,12.44347218,3,29.2653324,30.39421123,6.1947524,3.042,0.61084859,0.438,0.765,0.277533782,0.2,2.5,0.921954446,0.6,15.6,0.663324958,3,97,6.371812929,18,1.283307927,0.287526704,0.149321822,12.3643675,2.079865747,2.0973372,13.650288,3.56008809,1.702788964,2.649472525,8.450211006
mp-757131,Sn(PO3)4,P,-2.465107195,0.029524329,3.3535,34,Materials_Project,0.058823529,0.705882353,0.235294118,0.752974683,12.11764706,9.9166073,3.529411765,25.56457929,24.12104071,7.287944,3.058823529,0.592620128,0.515294118,0.744117647,0.243674296,0.235294118,2.411764706,0.771463356,0.705882353,15.64705882,0.588235294,3.529411765,97.35294118,5.850502004,21.17647059,1.272462493,0.302818222,0.175672732,12.51219541,1.843860242,2.467455529,13.09054715,3.242873055,1,1.408481922,22.66248174
mp-757156,Sn(PO3)4,P,-2.458803121,0.035828403,2.8193,34,Materials_Project,0.058823529,0.705882353,0.235294118,0.752974683,12.11764706,9.9166073,3.529411765,25.56457929,24.12104071,7.287944,3.058823529,0.592620128,0.515294118,0.744117647,0.243674296,0.235294118,2.411764706,0.771463356,0.705882353,15.64705882,0.588235294,3.529411765,97.35294118,5.850502004,21.17647059,1.272462493,0.302818222,0.175672732,12.51219541,1.843860242,2.467455529,13.94710448,3.043712958,1,1.342398066,22.33705841
mp-757192,SnP2O7,P,-2.526541595,0,3.9343,20,Materials_Project,0.1,0.7,0.2,0.801818553,13.6,12.44347218,3,29.2653324,30.39421123,6.1947524,3.042,0.61084859,0.438,0.765,0.277533782,0.2,2.5,0.921954446,0.6,15.6,0.663324958,3,97,6.371812929,18,1.283307927,0.287526704,0.149321822,12.3643675,2.079865747,2.0973372,13.52119973,3.594076614,1.317279541,1.631584309,7.951700289
mp-757375,Ti2Sn3O10,Ti,-2.623838555,0.043872829,1.7266,30,Materials_Project,0.2,0.666666667,0.133333333,0.860851391,18.26666667,16.5387088,2.933333333,40.79053333,40.38191471,6.382266667,2.890666667,0.785904716,0.205333333,0.876666667,0.39152125,0.186666667,2.866666667,1.257864151,0.533333333,14,4,0.533333333,90.73333333,17.1093217,6.8,1.206562026,0.464266232,0.010072667,11.45790293,3.058397899,0.910416,11.87654931,5.703194789,1,3.302807804,0.029378901
mp-757467,Mn5SnO12,Mn,-1.786253262,0.083767008,1.4668,18,Materials_Project,0.055555556,0.666666667,0.277777778,0.786701238,15.05555556,11.33564791,6.944444444,32.52183472,27.09727584,15.26056806,2.832777778,0.863261294,0.430555556,0.869444444,0.381203827,0.388888889,2.722222222,1.043794124,1.111111111,13.38888889,3.98802219,1.944444444,88.61111111,18.20603956,16.66666667,0.891412553,0.878882487,-0.144444444,11.55170933,2.9223184,2.065010556,13.54543026,3.986863172,1,2.045069258,10.02772753
mp-757495,Sn(PO3)4,P,-2.446722717,0.047908807,2.954,34,Materials_Project,0.058823529,0.705882353,0.235294118,0.752974683,12.11764706,9.9166073,3.529411765,25.56457929,24.12104071,7.287944,3.058823529,0.592620128,0.515294118,0.744117647,0.243674296,0.235294118,2.411764706,0.771463356,0.705882353,15.64705882,0.588235294,3.529411765,97.35294118,5.850502004,21.17647059,1.272462493,0.302818222,0.175672732,12.51219541,1.843860242,2.467455529,12.34528988,3.438637978,1,1.055595014,34.30239407
mp-757772,Sn(WO3)3,W,-2.0052754,0.095177492,0,26,Materials_Project,0.076923077,0.692307692,0.230769231,0.790267968,26.46153846,28.28594482,17.07692308,62.63266154,71.67784462,42.42461538,3.076923077,0.553025032,0.544615385,0.838461539,0.358497852,0.311538462,3.153846154,1.747356414,1.384615385,13.53846154,4.162384387,1.384615385,89,19.21537846,12.69230769,1.285506882,0.27280845,0.188423266,11.80757715,2.718588658,1.814776154,14.48144498,7.181878707,1,1.013416704,10.0244656
mp-758863,Sn2N2O,N,-0.433313966,0.218566995,0,40,Materials_Project,0.4,0.2,0.4,1.054920168,24.4,20.90550167,2.8,56.28656,50.97371893,5.60268,2.688,0.612091496,1.216,0.96,0.400499688,0.26,3.2,1.469693846,0.8,14.8,0.748331477,6,93.4,8.499411744,40,0.709050676,0.648735245,-0.028,11.4748302,3.389422201,5.813652,13.36886255,6.991322671,1.004122442,1.005134475,19.41542484
mp-759209,Ag2SnO3,Ag,-1.199544142,0.01201379,0,24,Materials_Project,0.166666667,0.5,0.333333333,1.011404265,28,20.02498439,15.66666667,63.74076667,47.87795532,35.95606667,2.69,0.750066664,0.643333333,1.075,0.477624329,0.533333333,3.5,1.5,1.666666667,14,2.236067977,3.666666667,88,13.60147051,23.66666667,1.350725856,0.127665661,0.434824333,10.55842517,3.060609656,2.525411333,14.72273337,7.189156422,1.000000078,2.24851786,10.0000399
mp-759223,Sn(SO4)2,S,-1.814345628,0,2.3798,88,Materials_Project,0.090909091,0.727272727,0.181818182,0.759547392,13.27272727,12.00826162,2.909090909,28.25774545,29.25240782,5.83,3.149090909,0.498970842,0.469090909,0.75,0.268835874,0.181818182,2.454545455,0.890723543,0.545454546,15.81818182,0.574959575,2.909090909,98.09090909,5.468164815,17.09090909,1.541380232,0.271335121,0.37765532,12.45530709,2.038776367,1.883638182,12.77629764,3.672667277,1.029242539,1.458191728,0
mp-759737,Ti3(SnO5)2,Ti,-2.89394758,0.053878494,1.6194,30,Materials_Project,0.133333333,0.666666667,0.2,0.860851391,16.4,14.27725464,4.4,36.06766667,34.74146091,9.5734,2.862666667,0.825069425,0.308,0.873333333,0.386810318,0.28,2.8,1.166190379,0.8,13.33333333,4.714045208,0.8,88.6,19.73423421,10.2,1.137460346,0.543555713,0.015109,11.4235164,3.106973309,1.365624,11.49046247,5.212302787,1,3.265421867,0.014195852
mp-760054,Sn9(O2F5)2,F,-2.154095764,0.098939026,2.4885,46,Materials_Project,0.391304348,0.173913044,0.434782609,1.033492061,24.86956522,20.15225599,3.913043478,57.49441878,49.09303721,8.260175304,3.095652174,0.930225901,1.730434783,0.889130435,0.45107517,0.217391304,3.173913043,1.464126804,0.869565217,15.65217391,1.370772415,7.391304348,94.39130435,9.140160452,44.34782609,2.168042694,1.08830179,1.478778184,12.81720357,4.588710975,7.57513913,19.12638574,4.991624125,1.412107034,1.412107034,0
mp-760170,Sn13(O5F3)2,F,-1.881227906,0.046028418,2.0053,58,Materials_Project,0.448275862,0.344827586,0.206896552,1.05278723,27.03448276,20.70396057,1.862068966,62.66256618,50.5319832,3.93070411,2.888275862,0.8589732,0.823448276,0.960344828,0.442831662,0.103448276,3.344827586,1.491952252,0.413793103,15.31034483,1.234656123,3.517241379,93.13793103,9.145280064,21.10344828,1.706040736,0.879409904,0.703694446,11.59270359,4.066856595,3.604721379,21.40273049,4.861699268,1,2.757211659,15.22737416
mp-761118,Ti7Sn3O20,Ti,-3.029333526,0.058549892,1.5249,30,Materials_Project,0.1,0.666666667,0.233333333,0.840135602,15.46666667,12.8989233,5.133333333,33.70623333,31.27898718,11.16896667,2.848666667,0.843622085,0.359333333,0.871666667,0.384422366,0.326666667,2.766666667,1.116044603,0.933333333,13,5,0.933333333,87.53333333,20.84183826,11.9,1.102909506,0.576043723,0.017627167,11.40632313,3.130836794,1.593228,11.29049136,4.957314561,1,3.246997597,0.001744239
mp-761148,Ti9SnO20,Ti,-3.318146108,0.049851999,1.7902,30,Materials_Project,0.033333333,0.666666667,0.3,0.744875159,13.6,9.286549413,6.6,28.98336667,22.0845806,14.3601,2.820666667,0.878885405,0.462,0.868333333,0.379579446,0.42,2.7,1.004987562,1.2,12.33333333,5.467073156,1.2,85.4,22.74730753,15.3,1.033807826,0.630405364,0.0226635,11.3719366,3.177747183,2.048436,10.90977739,4.411456891,1.046803797,1.046803797,15.50017234
mp-761184,Na2SnO3,Na,-2.066409341,0,2.5076,24,Materials_Project,0.166666667,0.5,0.333333333,1.011404265,16,15.26433752,3.666666667,35.44795643,37.36691896,7.663256427,2.356666667,1.136436927,0.31,1.141666667,0.55408834,0.6,2.833333333,1.067187373,1,10.66666667,6.871842709,0.333333333,68,40.80441153,3.666666667,1.098543606,0.408434321,0.182642083,9.746039487,3.941148468,1.713025653,11.97712375,4.914595332,1,1.988827199,13.25965236
mp-761454,Sn(WO3)3,W,-2.045179445,0.055273447,0,26,Materials_Project,0.076923077,0.692307692,0.230769231,0.790267968,26.46153846,28.28594482,17.07692308,62.63266154,71.67784462,42.42461538,3.076923077,0.553025032,0.544615385,0.838461539,0.358497852,0.311538462,3.153846154,1.747356414,1.384615385,13.53846154,4.162384387,1.384615385,89,19.21537846,12.69230769,1.285506882,0.27280845,0.188423266,11.80757715,2.718588658,1.814776154,14.88714075,6.986162289,1.00153391,1.016563253,9.917569328
mp-761574,CoSnO3,Co,-1.744010904,0.034825418,0,20,Materials_Project,0.2,0.6,0.2,0.950270539,20.2,16.61806246,5.4,45.128279,40.37405144,11.786639,2.832,0.745074493,0.376,0.92,0.393192065,0.27,3,1.264911064,0.8,14.2,2.712931993,1.8,90,14.75127113,12.8,1.231532921,0.31510924,0.132451094,11.2158186,2.947025002,1.576202,11.81094376,6.344731786,1.057491972,1.731438825,14.68594175
mp-761842,Hf3SnO8,Hf,-3.515736341,0.025992441,3.5875,12,Materials_Project,0.083333333,0.666666667,0.25,0.823959217,27.5,28.12027738,18,65.18126667,71.14116279,44.6225,2.781666667,0.94553189,0.325,0.908333333,0.436765256,0.3875,3.25,1.785357107,1.5,12.83333333,5.128894184,1,86.75,21.77584671,12.5,1.111265336,0.547091418,0.0445175,11.396964,3.143774111,1.7062675,12.41106548,8.720930515,1.070030752,1.177459173,0.124223027
mp-761872,Na2Sn2O3,Na,-1.687175091,0.084032915,0.4261,14,Materials_Project,0.285714286,0.428571429,0.285714286,1.078992208,20.85714286,18.47336748,3.142857143,47.34253408,45.22944814,6.568505509,2.3,1.061252629,0.265714286,1.185714286,0.524209804,0.514285714,3.142857143,1.245399698,0.857142857,11.14285714,6.468132242,0.285714286,70.14285714,38.14044936,3.142857143,1.100475977,0.378166327,0.156550357,9.402879274,3.744363051,1.468307703,17.3454216,4.53226962,1,1,19.47122063
mp-761931,Na8SnO6,Na,-1.680948171,0.00479086,1.0551,30,Materials_Project,0.066666667,0.4,0.533333333,0.882310925,12.4,10.15086203,5.866666667,26.57497028,24.84988149,12.26121028,2.002666667,1.200063702,0.496,1.296666667,0.575171472,0.96,2.733333333,0.77172246,1.6,7.866666667,7.356327586,0.533333333,51.8,43.82875768,5.866666667,0.950810538,0.438708876,0.292227333,8.677657579,4.069368859,2.740841045,14.92937497,2.955835487,1.00000004,1.982148074,10.00183656
mp-762250,Sn2N2O,N,-0.436990366,0.214890596,0.0388,40,Materials_Project,0.4,0.2,0.4,1.054920168,24.4,20.90550167,2.8,56.28656,50.97371893,5.60268,2.688,0.612091496,1.216,0.96,0.400499688,0.26,3.2,1.469693846,0.8,14.8,0.748331477,6,93.4,8.499411744,40,0.709050676,0.648735245,-0.028,11.4748302,3.389422201,5.813652,13.33532399,7.00890596,1.00031171,1.00552971,19.33422742
mp-762258,Na2Sn4O9,Na,-2.042354029,0.048698911,1.4813,30,Materials_Project,0.266666667,0.6,0.133333333,0.927617334,19.6,18.35864919,1.466666667,44.32094257,44.91766789,3.065302571,2.710666667,0.944559627,0.124,0.986666667,0.484928403,0.24,2.933333333,1.289271974,0.4,13.46666667,4.964764737,0.133333333,84.2,29.73482806,1.466666667,1.246276674,0.312284473,0.073056833,10.81442139,3.496092072,0.685210261,12.89435682,5.707664028,1,2.679300142,9.999998836
mp-762347,Sn2N2O,N,-0.433891055,0.217989906,0.0486,40,Materials_Project,0.4,0.2,0.4,1.054920168,24.4,20.90550167,2.8,56.28656,50.97371893,5.60268,2.688,0.612091496,1.216,0.96,0.400499688,0.26,3.2,1.469693846,0.8,14.8,0.748331477,6,93.4,8.499411744,40,0.709050676,0.648735245,-0.028,11.4748302,3.389422201,5.813652,13.37602174,6.987580731,1.001163867,1.002503987,19.47924203
mp-765595,Sn(PO3)3,P,-2.411065001,0.071801599,0,52,Materials_Project,0.076923077,0.692307692,0.230769231,0.790267968,12.84615385,11.11372093,3.461538462,27.35583738,27.09750087,7.147791231,3.037692308,0.605984943,0.505384615,0.757692308,0.260063716,0.230769231,2.461538462,0.842650089,0.692307692,15.61538462,0.624926031,3.461538462,97.07692308,6.120099779,20.76923077,1.269378026,0.30070026,0.17229441,12.41280546,1.959141623,2.420004462,13.87892493,3.272979492,1.000601955,1.063331351,0
mp-765970,Ti3Sn7O20,Ti,-2.48867157,0.038982469,1.7439,30,Materials_Project,0.233333333,0.666666667,0.1,0.840135602,19.2,17.4859944,2.2,43.15196667,42.72978936,4.7867,2.904666667,0.765187268,0.154,0.878333333,0.393845006,0.14,2.9,1.3,0.4,14.33333333,3.543381938,0.4,91.8,15.52288633,5.1,1.241112866,0.414737283,0.0075545,11.4750962,3.03367239,0.682812,12.05751802,5.942808987,1,3.322985821,0.013802442
mp-766006,In15SnO24,In,-1.993645727,0.001817866,0,40,Materials_Project,0.025,0.6,0.375,0.766528331,24.425,20.11701705,18.375,55.62414,48.53385471,43.05675,2.7805,0.80818918,0.6675,0.9775,0.462594585,0.58125,3.2,1.469693846,1.875,14.825,1.447195564,4.875,92.3,10.67286278,29.625,1.048441792,0.517564183,0.14397225,10.52431434,3.796538728,2.169883387,13.24130655,6.975599966,1,1.156727324,29.93738144
mp-766117,Sn2N2O,N,-0.429779383,0.222101578,0,40,Materials_Project,0.4,0.2,0.4,1.054920168,24.4,20.90550167,2.8,56.28656,50.97371893,5.60268,2.688,0.612091496,1.216,0.96,0.400499688,0.26,3.2,1.469693846,0.8,14.8,0.748331477,6,93.4,8.499411744,40,0.709050676,0.648735245,-0.028,11.4748302,3.389422201,5.813652,13.3829862,6.983944419,1.000211945,1.00075031,19.42607502
mp-766163,TiSn9O20,Ti,-2.233100058,0.014439292,1.1263,30,Materials_Project,0.3,0.666666667,0.033333333,0.744875159,21.06666667,19.10485686,0.733333333,47.87483333,46.71882297,1.595566667,2.932666667,0.721156171,0.051333333,0.881666667,0.39843095,0.046666667,2.966666667,1.378001774,0.133333333,15,2.236067977,0.133333333,93.93333333,11.42784125,1.7,1.310214546,0.278876691,0.002518167,11.50948273,2.983309477,0.227604,11.96696899,6.643121673,1.068827945,1.068827945,14.81582072
mp-766168,Ti4SnO10,Ti,-3.17381367,0.054127093,1.7655,30,Materials_Project,0.066666667,0.666666667,0.266666667,0.803314976,14.53333333,11.27750958,5.866666667,31.3448,27.17771582,12.76453333,2.834666667,0.861547961,0.410666667,0.87,0.382012216,0.373333333,2.733333333,1.06249183,1.066666667,12.66666667,5.249338583,1.066666667,86.46666667,21.84144887,13.6,1.068358666,0.604824278,0.020145333,11.38912987,3.15442605,1.820832,11.12097484,4.680278995,1.188318453,2.76264358,3.886361386
mp-766391,Ti(Sn2O5)2,Ti,-2.360442102,0.027154593,1.6151,30,Materials_Project,0.266666667,0.666666667,0.066666667,0.803314976,20.13333333,18.33709052,1.466666667,45.5134,44.83099404,3.191133333,2.918666667,0.743629537,0.102666667,0.88,0.39614812,0.093333333,2.933333333,1.339983416,0.266666667,14.66666667,2.98142397,0.266666667,92.86666667,13.67170639,3.4,1.275663706,0.355082204,0.005036333,11.49228947,3.008645444,0.455208,12.24294824,6.173086521,1.200828675,2.82528318,3.816142325
mp-766434,SnP2O7,P,-2.522330825,0.00421077,5.0205,40,Materials_Project,0.1,0.7,0.2,0.801818553,13.6,12.44347218,3,29.2653324,30.39421123,6.1947524,3.042,0.61084859,0.438,0.765,0.277533782,0.2,2.5,0.921954446,0.6,15.6,0.663324958,3,97,6.371812929,18,1.283307927,0.287526704,0.149321822,12.3643675,2.079865747,2.0973372,13.57035049,3.581059148,1.5697633,2.575267239,6.312661266
mp-766929,Sn4P2O9,P,-2.122919611,0.088066384,2.2198,60,Materials_Project,0.266666667,0.6,0.133333333,0.927617334,20.13333333,18.15807136,2,45.38547493,44.49210525,4.129834933,2.878666667,0.690901505,0.292,0.88,0.368239053,0.133333333,2.933333333,1.289271974,0.4,15.33333333,0.869226987,2,94.73333333,7.953755228,12,1.272767722,0.255113827,0.099547881,11.52743593,2.726533853,1.3982248,16.1124887,4.677387559,1.34156093,1.888749373,0
mp-766947,Sn(PO3)2,P,-2.431295273,0,3.7796,72,Materials_Project,0.111111111,0.666666667,0.222222222,0.848685558,14.22222222,12.96814711,3.333333333,30.73932489,31.69742702,6.883058222,2.997777778,0.628521683,0.486666667,0.783333333,0.286744176,0.222222222,2.555555556,0.955813919,0.666666667,15.55555556,0.684934889,3.333333333,96.55555556,6.567785203,20,1.26355181,0.296570899,0.165913136,12.22506889,2.147661415,2.330374667,15.40448663,3.31357033,1.256455993,2.220278187,0
mp-766979,Sn4P2O9,P,-2.185173318,0.025812678,2.9112,60,Materials_Project,0.266666667,0.6,0.133333333,0.927617334,20.13333333,18.15807136,2,45.38547493,44.49210525,4.129834933,2.878666667,0.690901505,0.292,0.88,0.368239053,0.133333333,2.933333333,1.289271974,0.4,15.33333333,0.869226987,2,94.73333333,7.953755228,12,1.272767722,0.255113827,0.099547881,11.52743593,2.726533853,1.3982248,15.81186148,4.766317633,1.333618159,2.052500434,5.1415507
mp-767039,Sn8P2O13,P,-1.986302603,0.024778579,1.7724,46,Materials_Project,0.347826087,0.565217391,0.086956522,0.902182549,23.2173913,19.65342435,1.304347826,53.02694452,48.14394342,2.693370609,2.816521739,0.713458257,0.190434783,0.930434783,0.39500664,0.086956522,3.130434783,1.392662381,0.260869565,15.2173913,0.930475416,1.304347826,93.7826087,8.433661961,7.826086957,1.277576024,0.23039708,0.064922531,11.16345352,2.918849764,0.911885739,16.52664245,5.327961396,1,1.959464653,4.486568211
mp-767063,Sn(PO3)2,P,-2.369372633,0.06192264,3.5944,36,Materials_Project,0.111111111,0.666666667,0.222222222,0.848685558,14.22222222,12.96814711,3.333333333,30.73932489,31.69742702,6.883058222,2.997777778,0.628521683,0.486666667,0.783333333,0.286744176,0.222222222,2.555555556,0.955813919,0.666666667,15.55555556,0.684934889,3.333333333,96.55555556,6.567785203,20,1.26355181,0.296570899,0.165913136,12.22506889,2.147661415,2.330374667,17.72630543,2.879553783,1,1.209533211,0.052267905
mp-767076,Sn(PO3)2,P,-2.375770782,0.055524491,3.7461,36,Materials_Project,0.111111111,0.666666667,0.222222222,0.848685558,14.22222222,12.96814711,3.333333333,30.73932489,31.69742702,6.883058222,2.997777778,0.628521683,0.486666667,0.783333333,0.286744176,0.222222222,2.555555556,0.955813919,0.666666667,15.55555556,0.684934889,3.333333333,96.55555556,6.567785203,20,1.26355181,0.296570899,0.165913136,12.22506889,2.147661415,2.330374667,16.88905973,3.022302643,1.529342146,2.839840366,6.566456722
mp-767114,SnP4O11,P,-2.455569728,0,4.4481,64,Materials_Project,0.0625,0.6875,0.25,0.777462132,12.375,10.16658128,3.75,26.162403,24.74091669,7.7434405,3.035,0.602909612,0.5475,0.753125,0.248412931,0.25,2.4375,0.788095013,0.75,15.625,0.59947894,3.75,97.125,5.956876279,22.5,1.260671838,0.30832892,0.186652278,12.44307919,1.879121999,2.6216715,16.74899862,2.593808337,1.430287286,1.455986086,14.5704459
mp-767134,Sn2P2O7,P,-2.335252325,0.033868967,2.9011,44,Materials_Project,0.181818182,0.636363636,0.181818182,0.907535294,16.90909091,15.81974914,2.727272727,37.39666582,38.7428878,5.631593091,2.943636364,0.66027918,0.398181818,0.827272727,0.329850956,0.181818182,2.727272727,1.135454182,0.545454546,15.45454545,0.78202957,2.727272727,95.72727273,7.287485027,16.36363636,1.267740861,0.278530681,0.135747111,11.907963,2.452678919,1.906670182,14.81289773,4.192199641,1.246883996,1.274271701,7.942872355
mp-767140,Sn2P2O7,P,-2.332233464,0.036887829,3.058,44,Materials_Project,0.181818182,0.636363636,0.181818182,0.907535294,16.90909091,15.81974914,2.727272727,37.39666582,38.7428878,5.631593091,2.943636364,0.66027918,0.398181818,0.827272727,0.329850956,0.181818182,2.727272727,1.135454182,0.545454546,15.45454545,0.78202957,2.727272727,95.72727273,7.287485027,16.36363636,1.267740861,0.278530681,0.135747111,11.907963,2.452678919,1.906670182,14.46049426,4.294363901,1.008268531,1.863356199,2.234623999
mp-767141,Sn(PO3)2,P,-2.427925622,0.003369651,3.7544,72,Materials_Project,0.111111111,0.666666667,0.222222222,0.848685558,14.22222222,12.96814711,3.333333333,30.73932489,31.69742702,6.883058222,2.997777778,0.628521683,0.486666667,0.783333333,0.286744176,0.222222222,2.555555556,0.955813919,0.666666667,15.55555556,0.684934889,3.333333333,96.55555556,6.567785203,20,1.26355181,0.296570899,0.165913136,12.22506889,2.147661415,2.330374667,14.33752145,3.560158569,1.094522595,2.389512515,0.417971323
mp-767192,Sn(PO3)2,P,-2.409540777,0.021754496,3.0537,36,Materials_Project,0.111111111,0.666666667,0.222222222,0.848685558,14.22222222,12.96814711,3.333333333,30.73932489,31.69742702,6.883058222,2.997777778,0.628521683,0.486666667,0.783333333,0.286744176,0.222222222,2.555555556,0.955813919,0.666666667,15.55555556,0.684934889,3.333333333,96.55555556,6.567785203,20,1.26355181,0.296570899,0.165913136,12.22506889,2.147661415,2.330374667,16.26284194,3.138679577,1,1.403751812,24.32552003
mp-767308,Mn21Sn9O40,Mn,-1.992186497,0.076308874,0,70,Materials_Project,0.128571429,0.571428571,0.3,0.944707091,18.5,14.25657743,7.5,40.88664207,34.52319065,16.4814135,2.682714286,0.883046547,0.465,0.949285714,0.403599241,0.42,2.985714286,1.177076975,1.2,13.04285714,4.008689541,2.1,86.38571429,18.23128618,18,0.821902157,0.885729125,-0.156,10.95617514,3.073793006,2.2302114,12.87455276,5.273493203,1,1,20.3293611
mp-767365,SnP4O11,P,-2.439222466,0.016347262,3.9191,64,Materials_Project,0.0625,0.6875,0.25,0.777462132,12.375,10.16658128,3.75,26.162403,24.74091669,7.7434405,3.035,0.602909612,0.5475,0.753125,0.248412931,0.25,2.4375,0.788095013,0.75,15.625,0.59947894,3.75,97.125,5.956876279,22.5,1.260671838,0.30832892,0.186652278,12.44307919,1.879121999,2.6216715,15.4188103,2.817577453,1.005600601,1.156265759,14.28333496
mp-768330,Sn2P2O7,P,-2.290046998,0.079074294,2.4065,66,Materials_Project,0.181818182,0.636363636,0.181818182,0.907535294,16.90909091,15.81974914,2.727272727,37.39666582,38.7428878,5.631593091,2.943636364,0.66027918,0.398181818,0.827272727,0.329850956,0.181818182,2.727272727,1.135454182,0.545454546,15.45454545,0.78202957,2.727272727,95.72727273,7.287485027,16.36363636,1.267740861,0.278530681,0.135747111,11.907963,2.452678919,1.906670182,15.10018366,4.112441673,1.235129442,1.235129442,22.53810808
mp-768510,Ba4Sn3O10,Ba,-2.639107566,0.005834144,1.1901,34,Materials_Project,0.176470588,0.588235294,0.235294118,0.958691859,26.70588235,22.43884422,13.17647059,62.67247059,56.0973756,32.31223529,2.578823529,1.083935544,0.209411765,1.114705882,0.654119234,0.505882353,3.470588235,1.786144288,1.411764706,12.35294118,5.789861082,0.470588235,77.35294118,35.76219031,3.294117647,1.089755552,0.539805885,0.034029647,10.53288014,3.749139643,1.226274024,15.72387787,6.618601764,2.597822786,2.597822786,22.58054737
mp-768877,Sn2Ge2O7,Ge,-1.969025514,0.078957681,1.7482,44,Materials_Project,0.181818182,0.636363636,0.181818182,0.907535294,20,16.77660709,5.818181818,44.97234545,40.76707962,13.20727273,2.910909091,0.70008382,0.365454546,0.872727273,0.365789083,0.227272727,2.909090909,1.2398347,0.727272727,15.27272727,0.962091386,2.545454545,94.63636364,8.423697388,15.27272727,1.356116734,0.143578274,0.224122984,11.43755373,2.889390873,1.436260909,14.15569363,5.275498218,1.010149026,1.92016769,7.639944245
mp-768883,Sn2(SO4)3,S,-1.756875932,0.082864727,0,34,Materials_Project,0.117647059,0.705882353,0.176470588,0.803742107,14.35294118,13.35902945,2.823529412,30.91810588,32.62044908,5.658529412,3.114117647,0.531048451,0.455294118,0.770588235,0.290060249,0.176470588,2.529411765,0.977249866,0.529411765,15.76470588,0.644379479,2.823529412,97.64705882,5.960074777,16.58823529,1.528753466,0.27698147,0.366547811,12.30497212,2.186361316,1.828237059,16.14456246,3.180062812,1,1.000000031,30.00126422
mp-768936,Sn2(SO4)3,S,-1.83233981,0.007400848,2.3466,68,Materials_Project,0.117647059,0.705882353,0.176470588,0.803742107,14.35294118,13.35902945,2.823529412,30.91810588,32.62044908,5.658529412,3.114117647,0.531048451,0.455294118,0.770588235,0.290060249,0.176470588,2.529411765,0.977249866,0.529411765,15.76470588,0.644379479,2.823529412,97.64705882,5.960074777,16.58823529,1.528753466,0.27698147,0.366547811,12.30497212,2.186361316,1.828237059,14.98098536,3.427059133,1.042834715,1.697372636,11.32007467
mp-768939,Sn2(SO4)3,S,-1.82798488,0.011755778,2.3608,68,Materials_Project,0.117647059,0.705882353,0.176470588,0.803742107,14.35294118,13.35902945,2.823529412,30.91810588,32.62044908,5.658529412,3.114117647,0.531048451,0.455294118,0.770588235,0.290060249,0.176470588,2.529411765,0.977249866,0.529411765,15.76470588,0.644379479,2.823529412,97.64705882,5.960074777,16.58823529,1.528753466,0.27698147,0.366547811,12.30497212,2.186361316,1.828237059,15.0519324,3.410905744,1.064500319,1.754590657,11.46456421
mp-768943,Sn2(SO4)3,S,-1.751431331,0.088309328,0,68,Materials_Project,0.117647059,0.705882353,0.176470588,0.803742107,14.35294118,13.35902945,2.823529412,30.91810588,32.62044908,5.658529412,3.114117647,0.531048451,0.455294118,0.770588235,0.290060249,0.176470588,2.529411765,0.977249866,0.529411765,15.76470588,0.644379479,2.823529412,97.64705882,5.960074777,16.58823529,1.528753466,0.27698147,0.366547811,12.30497212,2.186361316,1.828237059,15.45422386,3.322115892,1.01777425,1.387866814,0
mp-768950,Sn2(SO4)3,S,-1.839740658,0,2.5934,34,Materials_Project,0.117647059,0.705882353,0.176470588,0.803742107,14.35294118,13.35902945,2.823529412,30.91810588,32.62044908,5.658529412,3.114117647,0.531048451,0.455294118,0.770588235,0.290060249,0.176470588,2.529411765,0.977249866,0.529411765,15.76470588,0.644379479,2.823529412,97.64705882,5.960074777,16.58823529,1.528753466,0.27698147,0.366547811,12.30497212,2.186361316,1.828237059,14.72175518,3.487405004,1,1.00000001,37.48114463
mp-769046,Si2Sn2O7,Si,-2.567252974,0.089553319,2.5534,44,Materials_Project,0.181818182,0.636363636,0.181818182,0.907535294,16.72727273,15.84636987,2.545454545,36.87152727,38.84582541,5.106454545,2.890909091,0.726604238,0.345454546,0.845454546,0.341423854,0.2,2.727272727,1.135454182,0.545454546,15.27272727,0.962091386,2.545454545,94.81818182,8.199979843,15.45454545,1.384633983,0.131278005,0.252640233,11.48341645,2.834344602,1.482123636,12.9959195,4.711218125,1.015738251,1.927529,6.918390952
mp-769144,SnGeO3,Ge,-1.906145925,0.039728434,2.0427,60,Materials_Project,0.2,0.6,0.2,0.950270539,21.2,17.13942823,6.4,47.86964,41.66308662,14.528,2.858,0.712976858,0.402,0.9,0.372827038,0.25,3,1.264911064,0.8,15.2,0.979795897,2.8,94,8.579044236,16.8,1.34561711,0.146504367,0.246535283,11.2195036,2.942861387,1.579887,16.17994345,4.912835918,1.642066526,1.862679115,9.973122151
mp-769187,Sn5P6O25,P,-2.414696243,0.042002087,2.5557,36,Materials_Project,0.138888889,0.694444444,0.166666667,0.826028883,15,14.28869017,2.5,32.76048811,34.95199056,5.162293667,3.026111111,0.627164154,0.365,0.784722222,0.304781216,0.166666667,2.583333333,1.037491633,0.5,15.55555556,0.724355823,2.5,96.66666667,6.810938914,15,1.293550837,0.271900432,0.124434852,12.22475225,2.271626158,1.747781,15.27415804,3.561575716,1.000000016,1.000000016,40.36594455
mp-769294,Rb8SnO6,Rb,-1.501181159,0.014544792,1.071,30,Materials_Project,0.066666667,0.4,0.533333333,0.882310925,26.26666667,15.24671185,19.73333333,59.89658667,36.74406182,45.58282667,1.944,1.252606882,0.437333333,1.59,0.837496269,1.253333333,3.8,1.469693846,2.666666667,7.866666667,7.356327586,0.533333333,50.73333333,44.82182008,4.8,0.917738517,0.469117162,0.259155312,8.164618187,4.518952716,2.227801653,25.87932804,3.843245928,1,2.083566943,9.999997503
mp-769348,MgSnO3,Mg,-2.423332425,0.073010498,2.009,20,Materials_Project,0.2,0.6,0.2,0.950270539,17.2,16.47300823,2.4,38.20264,40.38200345,4.861,2.718,0.907841396,0.262,0.95,0.428952212,0.3,2.8,1.166190379,0.6,12.8,5.455272679,0.4,91.8,11.70299107,14.6,1.015081827,0.730164086,-0.084,11.1688638,3.00115743,1.5292472,11.40418697,5.56260401,1.023492714,1.470360881,0
mp-769368,Rb4SnO3,Rb,-1.52042403,0.001336624,2.0339,64,Materials_Project,0.125,0.375,0.5,0.974314753,27.75,15.84100691,18.5,63.572425,38.31996882,42.7339,1.945,1.212837582,0.41,1.58125,0.81161009,1.175,3.875,1.452368755,2.5,8.25,7.275816105,0.5,52.75,44.09577644,4.5,0.929884247,0.456650042,0.242958105,8.113324425,4.379964731,2.08856405,25.68687647,4.109666482,1.730718079,2.934010769,0
mp-770846,Ba3Sn2O7,Ba,-2.668888977,0,1.6703,24,Materials_Project,0.166666667,0.583333333,0.25,0.959614794,27,22.56102835,14,63.44973333,56.4518118,34.33175,2.555833333,1.099518518,0.2225,1.129166667,0.664096609,0.5375,3.5,1.802775638,1.5,12.16666667,5.913731666,0.5,76.25,36.51968647,3.5,1.073817438,0.55099165,0.0361565,10.4707679,3.784472616,1.30291615,16.02361482,6.575342839,1.898216637,1.898216637,19.79846682
mp-770865,Mn3SnO8,Mn,-1.792503463,0.101262982,1.6699,48,Materials_Project,0.083333333,0.666666667,0.25,0.823959217,15.75,12.61695288,6.25,34.29327792,30.38932097,13.73451125,2.844166667,0.848846849,0.3875,0.870833333,0.383220092,0.35,2.75,1.089724736,1,13.58333333,3.839668678,1.75,89.25,17.58372827,15,0.936747836,0.846401753,-0.13,11.549206,2.925881059,1.8585095,12.55657905,4.535098889,1,1,0
mp-771769,Co3SnO8,Co,-1.270222666,0.06097233,0,24,Materials_Project,0.083333333,0.666666667,0.25,0.823959217,16.25,13.00720954,6.75,35.29206542,31.10856841,14.73329875,2.926666667,0.726238406,0.47,0.858333333,0.366192876,0.3375,2.75,1.089724736,1,14.08333333,2.984915781,2.25,90.25,15.92757044,16,1.232311703,0.342557846,0.165563868,11.660949,2.771020936,1.9702525,10.91550238,5.368864512,1,1.654692775,10.00000204
mp-772086,Ba4Sn3O10,Ba,-2.595660807,0.049280903,2.7238,34,Materials_Project,0.176470588,0.588235294,0.235294118,0.958691859,26.70588235,22.43884422,13.17647059,62.67247059,56.0973756,32.31223529,2.578823529,1.083935544,0.209411765,1.114705882,0.654119234,0.505882353,3.470588235,1.786144288,1.411764706,12.35294118,5.789861082,0.470588235,77.35294118,35.76219031,3.294117647,1.089755552,0.539805885,0.034029647,10.53288014,3.749139643,1.226274024,17.06444608,6.0986501,1,1.892233724,14.01229161
mp-772724,SnBO3,B,-2.273767179,0.090524667,2.3724,20,Materials_Project,0.2,0.6,0.2,0.950270539,15.8,17.13942823,1,35.50384,41.65158088,2.1622,2.864,0.705906509,0.408,0.82,0.329545141,0.17,2.6,1.2,0.4,15,1.264911064,2.6,94.4,8.13879598,17.2,1.155026477,0.458054106,0.05594465,11.2992204,2.855962487,1.6596038,14.61137048,4.034906474,1,2.401944691,13.42593582
mp-773455,V2SnO7,V,-2.259000096,0,2.6054,40,Materials_Project,0.1,0.7,0.2,0.801818553,15.2,13.02152065,4.6,33.25888,31.64248972,10.1883,2.93,0.78368361,0.326,0.835,0.359895818,0.27,2.7,1.1,0.8,13.6,4.340506883,1,89.8,18.67511713,10.8,1.239518505,0.370601027,0.1055324,11.6162677,3.061672921,1.3492374,16.99447399,3.249742804,1,1,0
mp-773498,Na6Sn2O7,Na,-1.869324577,0.072682716,1.9929,60,Materials_Project,0.133333333,0.466666667,0.4,0.990835386,14.8,13.87659901,4.4,32.49029438,33.97340364,9.195907712,2.238666667,1.169996391,0.372,1.193333333,0.565940712,0.72,2.8,0.979795897,1.2,9.733333333,7.159764118,0.4,62.6,42.52810835,4.4,1.04929925,0.424520398,0.2191705,9.389912184,4.01605218,2.055630784,16.11809602,3.347256589,1.497938232,2.959970658,8.773680676
mp-773817,Sn2N2O,N,-0.441906808,0.209974153,0.007,40,Materials_Project,0.4,0.2,0.4,1.054920168,24.4,20.90550167,2.8,56.28656,50.97371893,5.60268,2.688,0.612091496,1.216,0.96,0.400499688,0.26,3.2,1.469693846,0.8,14.8,0.748331477,6,93.4,8.499411744,40,0.709050676,0.648735245,-0.028,11.4748302,3.389422201,5.813652,13.32144523,7.016208092,1.000106321,1.001185701,19.41968493
mp-773830,Sn2N2O,N,-0.434610471,0.21727049,0.0424,40,Materials_Project,0.4,0.2,0.4,1.054920168,24.4,20.90550167,2.8,56.28656,50.97371893,5.60268,2.688,0.612091496,1.216,0.96,0.400499688,0.26,3.2,1.469693846,0.8,14.8,0.748331477,6,93.4,8.499411744,40,0.709050676,0.648735245,-0.028,11.4748302,3.389422201,5.813652,13.34528582,7.003674039,1.005733995,1.007726028,19.36207459
mp-773831,Sn2N2O,N,-0.438934329,0.212946632,0.0641,40,Materials_Project,0.4,0.2,0.4,1.054920168,24.4,20.90550167,2.8,56.28656,50.97371893,5.60268,2.688,0.612091496,1.216,0.96,0.400499688,0.26,3.2,1.469693846,0.8,14.8,0.748331477,6,93.4,8.499411744,40,0.709050676,0.648735245,-0.028,11.4748302,3.389422201,5.813652,13.33015281,7.011624931,1.000505855,1.001550306,19.42962322
mp-773864,TiSnO4,Ti,-2.73830468,0.069464049,2.2534,6,Materials_Project,0.166666667,0.666666667,0.166666667,0.867563229,17.33333333,15.47758235,3.666666667,38.4291,37.74136243,7.977833333,2.876666667,0.805846691,0.256666667,0.875,0.389176481,0.233333333,2.833333333,1.213351648,0.666666667,13.66666667,4.384315479,0.666666667,89.66666667,18.49924923,8.5,1.172011186,0.506647544,0.012590833,11.44070967,3.082829225,1.13802,13.07785691,4.879470871,1,1,45.46574627
mp-774335,Sn2P2O7,P,-2.321358834,0.047762459,3.0993,88,Materials_Project,0.181818182,0.636363636,0.181818182,0.907535294,16.90909091,15.81974914,2.727272727,37.39666582,38.7428878,5.631593091,2.943636364,0.66027918,0.398181818,0.827272727,0.329850956,0.181818182,2.727272727,1.135454182,0.545454546,15.45454545,0.78202957,2.727272727,95.72727273,7.287485027,16.36363636,1.267740861,0.278530681,0.135747111,11.907963,2.452678919,1.906670182,14.35616852,4.325570883,1,3.634287987,0
mp-776083,HfSnO3,Hf,-2.995080959,0.068686627,2.5523,10,Materials_Project,0.2,0.6,0.2,0.950270539,29.2,26.88047619,14.4,69.03964,67.65549075,35.698,2.716,0.91094676,0.26,0.96,0.442040722,0.31,3.4,1.743559577,1.2,13.2,4.664761516,0.8,87.2,19.86353443,10,1.134695827,0.497049165,0.035614,11.0046306,3.20498065,1.365014,17.38966654,6.592594464,1,1.000000002,47.12790247
mp-776110,SiSnO3,Si,-2.586283002,0.029296766,2.5266,60,Materials_Project,0.2,0.6,0.2,0.950270539,17.6,16.36581804,2.8,38.95874,40.14943262,5.6171,2.836,0.739989189,0.38,0.87,0.348711916,0.22,2.8,1.166190379,0.6,15.2,0.979795897,2.8,94.2,8.352245207,17,1.376986083,0.135328903,0.277904256,11.2699526,2.887148293,1.630336,15.19430325,4.257681888,1.616468977,1.858134081,9.981453595
mp-776966,Sn2N2O,N,-0.437031389,0.214849572,0.1029,40,Materials_Project,0.4,0.2,0.4,1.054920168,24.4,20.90550167,2.8,56.28656,50.97371893,5.60268,2.688,0.612091496,1.216,0.96,0.400499688,0.26,3.2,1.469693846,0.8,14.8,0.748331477,6,93.4,8.499411744,40,0.709050676,0.648735245,-0.028,11.4748302,3.389422201,5.813652,13.34136035,7.005734747,1.00513538,1.007527843,19.39477234
mp-777302,Sn2N2O,N,-0.439569101,0.212311861,0.1859,40,Materials_Project,0.4,0.2,0.4,1.054920168,24.4,20.90550167,2.8,56.28656,50.97371893,5.60268,2.688,0.612091496,1.216,0.96,0.400499688,0.26,3.2,1.469693846,0.8,14.8,0.748331477,6,93.4,8.499411744,40,0.709050676,0.648735245,-0.028,11.4748302,3.389422201,5.813652,13.37418578,6.988539961,1.001726837,1.003028355,19.501962
mp-777314,Sn2N2O,N,-0.444169038,0.207711923,0.1163,40,Materials_Project,0.4,0.2,0.4,1.054920168,24.4,20.90550167,2.8,56.28656,50.97371893,5.60268,2.688,0.612091496,1.216,0.96,0.400499688,0.26,3.2,1.469693846,0.8,14.8,0.748331477,6,93.4,8.499411744,40,0.709050676,0.648735245,-0.028,11.4748302,3.389422201,5.813652,12.90450521,7.242899306,1.000897087,1.001066903,19.3045494
mp-777394,Sn2N2O,N,-0.461791299,0.190089662,0.7619,40,Materials_Project,0.4,0.2,0.4,1.054920168,24.4,20.90550167,2.8,56.28656,50.97371893,5.60268,2.688,0.612091496,1.216,0.96,0.400499688,0.26,3.2,1.469693846,0.8,14.8,0.748331477,6,93.4,8.499411744,40,0.709050676,0.648735245,-0.028,11.4748302,3.389422201,5.813652,14.25998177,6.554428561,1,2.449315351,10.00000142
mp-777546,NaSnO,Na,-1.348088182,0.086055623,0,6,Materials_Project,0.333333333,0.333333333,0.333333333,1.098612289,23,19.13112647,3.666666667,52.56638976,46.85757994,7.663256427,2.11,1.030177978,0.31,1.283333333,0.503873882,0.6,3.333333333,1.247219129,1,10.33333333,6.649979114,0.333333333,65,38.88444419,3.666666667,1.04036981,0.376238586,0.182642083,8.700349987,3.591953781,1.713025653,20.50000095,4.257977549,1,1.501444364,0
mp-777814,Na6Sn2O7,Na,-1.86815817,0.073849123,1.357,30,Materials_Project,0.133333333,0.466666667,0.4,0.990835386,14.8,13.87659901,4.4,32.49029438,33.97340364,9.195907712,2.238666667,1.169996391,0.372,1.193333333,0.565940712,0.72,2.8,0.979795897,1.2,9.733333333,7.159764118,0.4,62.6,42.52810835,4.4,1.04929925,0.424520398,0.2191705,9.389912184,4.01605218,2.055630784,13.69501901,3.939490926,1,1.666282778,17.17878419
mp-778057,Na2SnO2,Na,-1.720972566,0,2.1017,40,Materials_Project,0.2,0.4,0.4,1.054920168,17.6,16.25546062,4.4,39.33766771,39.80910494,9.195907712,2.14,1.126108343,0.372,1.25,0.545893763,0.72,3,1.095445115,1.2,9.6,7.059745038,0.4,61.4,41.67301285,4.4,1.026029732,0.41064917,0.2191705,8.971636384,3.878270298,2.055630784,16.22588479,4.025773316,1.175587718,2.920087234,0
mp-778451,Na6Sn2O7,Na,-1.854162217,0.087845077,1.962,30,Materials_Project,0.133333333,0.466666667,0.4,0.990835386,14.8,13.87659901,4.4,32.49029438,33.97340364,9.195907712,2.238666667,1.169996391,0.372,1.193333333,0.565940712,0.72,2.8,0.979795897,1.2,9.733333333,7.159764118,0.4,62.6,42.52810835,4.4,1.04929925,0.424520398,0.2191705,9.389912184,4.01605218,2.055630784,15.42984993,3.496560456,1,1.966586999,8.197763824
mp-778681,V3SnO8,V,-2.317558145,0.101163489,0.8331,12,Materials_Project,0.083333333,0.666666667,0.25,0.823959217,15.25,12.2754837,5.75,33.29414167,29.75318098,12.735375,2.864166667,0.818519582,0.4075,0.858333333,0.366192876,0.3375,2.75,1.089724736,1,13.08333333,4.698551786,1.25,87.75,20.09197601,13.5,1.198663336,0.398880232,0.1319155,11.37724325,3.172507643,1.68654675,12.7982017,4.31984307,1,1.007784636,29.2029806
mp-779662,Zr5Sn3O,Zr,-1.115564977,0,0,18,Materials_Project,0.333333333,0.111111111,0.555555556,0.936888308,39.77777778,12.12690102,22.22222222,92.02771111,29.66360934,50.68,1.774444444,0.655321992,0.738888889,1.411111111,0.290380763,0.861111111,4.666666667,0.942809042,2.777777778,8.666666667,5.249338583,2.222222222,66.11111111,19.82391622,27.22222222,0.773752064,0.393759374,0.240716111,7.646715444,2.135900588,3.685625556,19.7765121,7.72712644,1.465592911,1.465592977,10.00021012
mp-779703,Na4Sn5O12,Na,-2.028080254,0.055931657,1.4096,42,Materials_Project,0.238095238,0.571428571,0.190476191,0.977320209,18.57142857,17.60565772,2.095238095,41.78580367,43.08302445,4.379003672,2.60952381,1.015801238,0.177142857,1.030952381,0.510479744,0.342857143,2.904761905,1.230747427,0.571428571,12.66666667,5.718252591,0.190476191,79.57142857,34.07075471,2.095238095,1.204067226,0.348962504,0.104366905,10.50916942,3.660781139,0.978871802,14.36532141,4.830171039,1.743319718,1.84427628,13.64765305
mp-781712,Na2SnO2,Na,-1.681793109,0.039179458,2.4072,20,Materials_Project,0.2,0.4,0.4,1.054920168,17.6,16.25546062,4.4,39.33766771,39.80910494,9.195907712,2.14,1.126108343,0.372,1.25,0.545893763,0.72,3,1.095445115,1.2,9.6,7.059745038,0.4,61.4,41.67301285,4.4,1.026029732,0.41064917,0.2191705,8.971636384,3.878270298,2.055630784,17.21112041,3.795321424,1.271790649,1.85353795,0
mp-7863,Rb2Sn2O3,Rb,-1.720435254,0,1.2196,7,Materials_Project,0.285714286,0.428571429,0.285714286,1.078992208,28.28571429,18.24213557,10.57142857,65.1934,44.41734611,24.41937143,2.268571429,1.102198175,0.234285714,1.342857143,0.727730607,0.671428571,3.714285714,1.484614978,1.428571429,11.14285714,6.468132242,0.285714286,69.57142857,39.02693994,2.571428571,1.082758822,0.404195166,0.138833203,9.128036743,4.068519281,1.193465171,23.286761,4.648829762,1.000000013,1.000000212,30.33530575
mp-7961,Sr3SnO,Sr,-1.642535062,0,0,5,Materials_Project,0.2,0.2,0.6,0.950270539,34.4,13.99428455,22.8,79.51388,33.96337008,52.572,1.65,0.976749712,0.57,1.61,0.548087584,1.2,4.4,1.2,3,7.2,6.4,1.2,45.8,38.14918086,9,0.545876236,0.614781188,0.0312396,7.60931507,3.071505176,3.41692047,27.34758096,4.828065205,1,1,0
mp-7986,CaSnO3,Ca,-2.484464594,0.210090453,1.3941,5,Materials_Project,0.2,0.6,0.2,0.950270539,18.8,16.27759196,4,41.35724,39.78478625,8.0156,2.656,1.007047169,0.2,1.01,0.514198405,0.36,3,1.264911064,0.8,12.8,5.455272679,0.4,80.4,32.94601645,3.2,1.103992027,0.556392723,0.0049102,10.86224769,3.397526821,1.222631094,13.44831817,5.106609752,1,1,0
mp-849371,CdSnO3,Cd,-1.807364579,0.030383253,0.6937,20,Materials_Project,0.2,0.6,0.2,0.950270539,24.4,20.0957707,9.6,55.82384,48.8154358,22.4822,2.794,0.795778864,0.338,0.96,0.442040722,0.31,3.2,1.469693846,1,14.8,1.6,2.4,92.2,11.070682,15,0.955081827,0.848380464,-0.144,11.4383806,2.720053013,1.798764,12.14037719,7.63548494,1.022422661,1.444732531,0
mp-849767,Mn3SnO8,Mn,-1.78570847,0.108057974,1.4136,24,Materials_Project,0.083333333,0.666666667,0.25,0.823959217,15.75,12.61695288,6.25,34.29327792,30.38932097,13.73451125,2.844166667,0.848846849,0.3875,0.870833333,0.383220092,0.35,2.75,1.089724736,1,13.58333333,3.839668678,1.75,89.25,17.58372827,15,0.936747836,0.846401753,-0.13,11.549206,2.925881059,1.8585095,12.5835437,4.525380853,1.000009025,1.852518124,15.21966275
mp-850192,Co5SnO12,Co,-1.153269345,0.091671539,0.9954,18,Materials_Project,0.055555556,0.666666667,0.277777778,0.786701238,15.61111111,11.84688843,7.5,33.63159861,28.05740288,16.37033194,2.924444444,0.729308822,0.522222222,0.855555556,0.362050061,0.375,2.722222222,1.043794124,1.111111111,13.94444444,3.099681385,2.5,89.72222222,16.46479597,17.77777778,1.21981685,0.354703998,0.183959853,11.67586822,2.749096934,2.189169444,11.6755898,4.783191628,1,1.888646099,10.03226367
mp-850280,Na8SnO6,Na,-1.630428348,0.055310683,1.7356,15,Materials_Project,0.066666667,0.4,0.533333333,0.882310925,12.4,10.15086203,5.866666667,26.57497028,24.84988149,12.26121028,2.002666667,1.200063702,0.496,1.296666667,0.575171472,0.96,2.733333333,0.77172246,1.6,7.866666667,7.356327586,0.533333333,51.8,43.82875768,5.866666667,0.950810538,0.438708876,0.292227333,8.677657579,4.069368859,2.740841045,13.26311641,3.327180053,1,1.000000024,34.06917614
mp-861243,Cs2SnO3,Cs,-1.897128252,0,2.386,12,Materials_Project,0.166666667,0.5,0.333333333,1.011404265,30.66666667,22.72785858,18.33333333,72.0865173,56.28636444,44.3018173,2.31,1.19540788,0.263333333,1.408333333,0.894621273,0.866666667,3.833333333,1.863389981,2,10.66666667,6.871842709,0.333333333,67,42.20189569,2.666666667,1.073100969,0.442867435,0.157199446,9.330982409,4.438637269,1.297968576,21.43638198,5.584080292,1.176031004,1.176031004,6.92095623
mp-8624,K2Sn2O3,K,-1.742462366,0,1.3022,14,Materials_Project,0.285714286,0.428571429,0.285714286,1.078992208,23.14285714,17.58594058,5.428571429,51.94497143,43.29543745,11.17094286,2.268571429,1.102198175,0.234285714,1.3,0.669221296,0.628571429,3.428571429,1.293626448,1.142857143,11.14285714,6.468132242,0.285714286,69.85714286,38.58359596,2.857142857,1.087199657,0.397645667,0.143274037,9.174761209,4.011938429,1.240189637,20.84365149,4.138269843,1.000000064,1.000000087,19.47122249
mp-862606,EuSnO3,Eu,-2.542926983,0.138447412,0,5,Materials_Project,0.2,0.6,0.2,0.950270539,27.4,24.113067,12.6,63.73444,59.40146393,30.3928,2.696,0.942371477,0.24,1.02,0.529716906,0.37,3.4,1.743559577,1.2,13,5.059644256,0.6,80.8,32.16457679,3.6,1.122307827,0.520934818,0.023226,10.7736936,3.52358609,1.134077,13.54350684,7.814337064,1.00006979,1.000070283,0
mp-867998,In15SnO24,In,-1.995463593,0,0,40,Materials_Project,0.025,0.6,0.375,0.766528331,24.425,20.11701705,18.375,55.62414,48.53385471,43.05675,2.7805,0.80818918,0.6675,0.9775,0.462594585,0.58125,3.2,1.469693846,1.875,14.825,1.447195564,4.875,92.3,10.67286278,29.625,1.048441792,0.517564183,0.14397225,10.52431434,3.796538728,2.169883387,13.2432063,6.974599309,1.000000001,1.000000075,19.40132967
mp-9655,Na4SnO4,Na,-1.859072595,0,2.0906,18,Materials_Project,0.111111111,0.444444444,0.444444444,0.964962923,14,12.80624847,4.888888889,30.51851968,31.35404435,10.21767524,2.16,1.185336333,0.413333333,1.227777778,0.571115435,0.8,2.777777778,0.916245695,1.333333333,9.111111111,7.279261935,0.444444444,59,43.26661531,4.888888889,1.01646968,0.431805241,0.243522778,9.152493982,4.047852005,2.284034204,14.76362012,3.432572348,1.001811223,1.504654747,16.02102022
mp-973261,Mg2SnO4,Mg,-2.635208654,0.027788948,1.9034,14,Materials_Project,0.142857143,0.571428571,0.285714286,0.955699891,15.14285714,14.33705062,3.428571429,33.04537143,35.15979307,6.944285714,2.62,0.967869531,0.374285714,0.978571429,0.437408883,0.428571429,2.714285714,1.030157507,0.857142857,11.71428571,6.180945044,0.571428571,90.42857143,12.59089402,20.85714286,0.873788874,0.826728122,-0.12,11.01551571,3.006601411,2.184638857,11.67760381,4.699005989,1,1,30
mp-978952,SnPbO3,Pb,-1.760990872,0.116754274,1.0389,5,Materials_Project,0.2,0.6,0.2,0.950270539,31.2,30.16222803,16.4,74.78164,77.24037558,41.44,2.922,0.645117044,0.466,1.01,0.514198405,0.36,3.4,1.743559577,1.2,15.2,0.979795897,2.8,93.6,9.068627239,16.4,1.170426067,0.428723142,0.07134424,11.12295258,3.055950516,1.48333598,14.06517753,8.82874279,1,1,0
mp-aaaieipt,SrSnO3,Sr,-2.572946613,0.064412025,3.5244,10,Materials_Project,0.2,0.6,0.2,0.950270539,22.4,18.03995565,7.6,50.86564,43.81941177,17.524,2.646,1.023554591,0.19,1.05,0.577927331,0.4,3.2,1.469693846,1,12.8,5.455272679,0.4,80.2,33.33706646,3,1.109495027,0.545723067,0.0104132,10.77859009,3.516500851,1.13897349,14.79233824,5.710008856,1,1,37.084942
mp-aaaieiru,SnPbO3,Pb,-1.618754112,0.027780017,3.1641,10,Materials_Project,0.2,0.6,0.2,0.950270539,31.2,30.16222803,16.4,74.78164,77.24037558,41.44,2.922,0.645117044,0.466,1.01,0.514198405,0.36,3.4,1.743559577,1.2,15.2,0.979795897,2.8,93.6,9.068627239,16.4,1.170426067,0.428723142,0.07134424,11.12295258,3.055950516,1.48333598,16.17453677,7.677365754,1,1,43.53729627
